climate,month_seas,mean,sd,n
E polar,1,1.37837315503638,7.927692138736,112412
E polar,2,0.830267747622029,7.65563584190973,108244
E polar,3,0.52047531464694,7.37476100850765,107281
E polar,4,-0.484670549830742,6.30475879567369,107918
E polar,7,-0.858703316704842,6.53000914799172,118393
E polar,9,-0.495090852613515,5.85346956226078,115088
E polar,10,0.123254889087743,6.0283281965088,108206
E polar,11,0.730519244271854,6.52384589318711,108048
E polar,12,1.09459973996437,7.1187545206347,101145
E polar,5,-0.820368116279728,5.59408206595242,114077
E polar,6,-1.16350164096608,6.1261086197444,109441
E polar,8,-0.665227108191704,6.18376928159529,115123
,1,0.591993753908336,4.23928346226761,64497
,2,0.431892971198239,4.34865773364167,61317
,3,0.26336010603409,4.01528528541825,61498
,6,-0.396099196410188,3.40498154868753,61225
,7,-0.34218847929319,3.55821683691519,66553
,8,-0.240454372340837,3.61104227113065,62350
,9,-0.274590969516068,3.74028087166071,63821
,10,-0.0247957775913958,4.18326717504039,60626
,11,0.146795041895552,4.05006992746926,63997
,12,0.454039167729373,4.3908820570337,56784
,4,-0.284203751205694,3.54129184738275,59165
,5,-0.315027166300316,3.14590307153876,60424
D continental,1,1.28821472599463,7.63020063297186,295425
D continental,2,0.987907514322116,7.06052613756702,287297
D continental,3,0.703362405058615,6.6379897912613,282749
D continental,4,0.201027035544979,6.47066877466225,280528
D continental,7,-1.19137483876343,6.47874222841032,291831
D continental,9,-0.681518467660222,6.17342757309215,287932
D continental,10,-0.257082429461554,6.65623012709729,285654
D continental,11,0.408819142078069,7.05160679272221,284551
D continental,12,0.767946211524206,7.60335158964909,271882
D continental,5,-0.345287030539286,6.29729353230631,291231
D continental,6,-0.896537800294548,6.44125803822805,275468
D continental,8,-1.08436414009465,6.35688767330849,279655
C temperate,1,0.7977463089633,7.7761471479574,273035
C temperate,2,0.981978209548947,7.67378332574057,265083
C temperate,3,0.857012427229796,7.2520895509459,264791
C temperate,4,0.555292493769202,7.19868641074744,258213
C temperate,5,0.165313224027365,7.12952743583314,266298
C temperate,6,-0.539744930502326,7.04884122054575,259156
C temperate,7,-1.15104865841235,6.83345827718033,273667
C temperate,8,-1.11229104296974,7.65522987104443,259858
C temperate,9,-0.730395818448575,7.56533822191195,262476
C temperate,10,-0.400109774935715,7.58187405488259,261958
C temperate,11,0.070458555582848,8.42394595315273,265925
C temperate,12,0.520057106816348,7.96603650253427,252748
B arid,1,1.09664471356723,5.65677224808511,245125
B arid,2,0.919170169415301,5.57426908091317,240318
B arid,3,0.576902569671172,5.36837065972723,244279
B arid,4,0.1424514993622,5.39354990789648,239579
B arid,5,-0.444723780838559,5.55162924690514,246367
B arid,6,-1.13293876909464,5.58627183371516,239762
B arid,7,-1.29344250067986,5.80609651872788,251374
B arid,8,-0.940823367025885,5.47984861084921,239812
B arid,9,-0.384515233880817,5.05492957391212,240411
B arid,10,0.17472571963134,4.82598185345952,238183
B arid,11,0.531302864155,5.08246630613306,244130
B arid,12,0.822608622042783,5.40346933268763,227723
A tropical,1,-0.0718417359498391,4.30342736687523,106073
A tropical,2,-0.280353213701265,4.28945053670748,103235
A tropical,3,-0.257487329373262,4.31313078055364,109420
A tropical,4,-0.250084015252032,4.36370116894371,105166
A tropical,5,-0.0363883997888401,4.38731391050544,104486
A tropical,6,0.110230784150099,4.43932483999993,106683
A tropical,7,0.0693773300851534,4.29066976267971,107028
A tropical,8,0.121940747051334,4.35852614699128,101601
A tropical,9,0.1865643134968,4.445493910354,102247
A tropical,10,0.218184321106761,4.26088838240477,102850
A tropical,11,0.158778616515019,4.02504679565863,105146
A tropical,12,0.047805185680114,4.04765766836578,100753
