climate,hour_bin,mean,sd,n
E polar,0,0.86484444725452,7.72714350151592,57048
E polar,1,0.579052699647765,5.93241930265327,53447
E polar,4,0.528946874295332,5.78391088327473,54437
E polar,6,0.319810832478695,7.34970527551356,57398
E polar,7,-0.112140123826963,5.66121263289637,54115
E polar,8,-0.266554708059178,6.07115272527642,54689
E polar,9,-1.34282369830356,8.03634200180761,59458
E polar,10,-0.662909542399558,5.97394543962074,54201
E polar,11,-0.501637943871115,6.02944023959126,53905
E polar,12,-1.04189727997209,8.08534107800935,58116
E polar,13,-0.332887426808903,6.06640258407155,54044
E polar,14,-0.310635172595644,5.99532656962703,54703
E polar,15,-0.400171631635068,8.44999990832899,59409
E polar,16,-0.223208281836026,5.99734206963823,53905
E polar,17,0.0401576735632366,5.84285594499156,53809
E polar,18,-0.0868899892413311,7.20079754289105,58144
E polar,19,0.02142079670649,5.80174317070104,53723
E polar,20,0.120476155776423,5.79169117665972,54260
E polar,21,0.684055349882908,6.50753216795804,55742
E polar,23,0.330221242672242,5.86271492360834,52548
E polar,3,0.992435224980846,8.04105765338414,58096
E polar,22,0.455261670751698,5.87139957657879,52055
E polar,5,0.212034561308255,5.89674491546938,53749
E polar,2,0.354716484384808,5.89094031874385,54375
,2,0.127705266397848,3.99556867162373,31852
,3,0.208465166140013,3.66304938755979,30310
,6,0.155427157785964,3.81208954010809,30238
,8,-0.0754616423673195,4.11239605908033,32444
,9,-0.00141820763943805,3.80298573736686,30398
,10,0.116716962765292,3.74436263944545,31244
,11,0.0553526238408132,4.13907360867409,32100
,12,0.0402960942153883,3.59662070650299,30147
,14,-0.0232479682930762,4.04313107566327,32795
,15,-0.114992732477207,3.71836158905836,30821
,17,-0.129355523521956,4.10663379798198,32326
,19,-0.00278452272539169,4.5456221317502,30585
,20,-0.308338042112035,4.06012606717506,31847
,21,-0.368608926111272,3.61712291243988,29777
,22,-0.0729957728061965,3.73989765832044,30223
,23,0.11185224699025,3.87097169572835,30131
,1,0.154076366623489,3.72667950594032,30559
,5,-0.0166930424780647,4.0994331209892,30763
,0,0.109941415368783,3.49704340011564,29780
,16,-0.206789728642991,3.79337357728612,31346
,18,0.0521643805544055,3.72699110913781,29519
,4,0.0078764781219668,3.71956834362228,30238
,7,0.147325646248143,3.63233915555097,31376
,13,0.0625198820822728,3.7648841762697,31438
D continental,1,0.204830907142163,7.88425771320143,140310
D continental,2,0.642372865906374,6.25972471704193,145315
D continental,3,0.790057214484591,7.11426122978967,141138
D continental,4,0.104219701128884,8.11531758728354,141911
D continental,5,0.517780229345524,6.19768694728375,145888
D continental,7,-0.0965125244075589,7.45946531161761,141327
D continental,8,-0.281087152984185,5.70778796930901,147323
D continental,9,-1.2250882181182,6.59635182386365,142212
D continental,10,-0.519982567094896,7.64973271530327,142363
D continental,11,-0.901503008910984,6.24612935112875,147930
D continental,13,-0.309604644781438,8.00732141167697,142382
D continental,14,-0.885417969055079,6.53309317883159,147692
D continental,15,-0.54520287904362,6.76921375127053,141969
D continental,16,0.212865254799597,7.43885491775947,142323
D continental,17,0.00580394637204659,5.88287614501108,146929
D continental,19,0.319109148665325,6.91322052551194,139807
D continental,20,0.552866223554502,5.54011324510037,143268
D continental,21,0.525830059671305,6.02318145309846,135059
D continental,22,0.234187075118336,6.83308315672835,134339
D continental,23,0.523087988637443,5.91313228690302,142290
D continental,18,0.242363175616813,5.98151671809405,140004
D continental,0,0.800288970734895,6.85221625833255,139046
D continental,6,0.335024654893968,6.61699469625645,141323
D continental,12,-1.09488676502256,6.82145742266232,142055
C temperate,23,0.0776547695172823,8.04575570807447,121799
C temperate,0,0.312240775015063,6.82429406465831,125276
C temperate,1,-0.820956563759051,7.70879499009494,129057
C temperate,2,-0.101433817178514,8.19536355152359,122846
C temperate,3,0.202108333587786,7.22074337056425,125547
C temperate,4,-1.12521965034157,8.10270588452595,131752
C temperate,5,0.377393975315083,8.19993284190077,128542
C temperate,6,0.133077132058861,6.907849497062,131695
C temperate,7,-0.428649089868635,7.01587088734292,138122
C temperate,8,0.418419754128491,7.58347615428317,134089
C temperate,9,-0.405531607767923,6.49979477308909,137005
C temperate,10,0.179672218604241,7.40223950905976,141232
C temperate,11,-0.242903808543387,8.26374399838806,132747
C temperate,12,-0.557486151497389,7.49392898229631,136354
C temperate,13,0.469783466027376,8.24941932063159,140781
C temperate,14,-0.511979092754746,9.01709368888127,133561
C temperate,15,-0.531475158655464,7.51298152494219,135570
C temperate,16,0.735080797488654,7.40289008374001,139497
C temperate,17,0.00949355491340592,7.93297919116512,131507
C temperate,18,0.354073937099346,6.2367221683696,134793
C temperate,19,0.445566077664688,6.79588970525412,139001
C temperate,20,0.323475368381815,7.83128506012638,128909
C temperate,21,0.541558959635009,6.55606031841721,121087
C temperate,22,0.241008925686909,6.86326084328989,122439
B arid,0,0.487217287404291,5.1455181412669,125458
B arid,1,0.290847857061012,5.76329456282052,119517
B arid,2,0.487116525112721,4.85079773845739,103662
B arid,3,1.03107781429719,5.32466192091663,125972
B arid,4,0.730535879522055,6.10780263355797,124020
B arid,5,0.924626854558345,4.54948023647858,109070
B arid,6,0.977769069133619,5.02404648206306,132789
B arid,7,1.15958721043436,6.20371700248591,126602
B arid,8,-0.353094441173204,4.29715319718895,110490
B arid,9,-0.816592489484426,4.94036291489595,133596
B arid,10,-0.906659498862932,5.71210392692488,128299
B arid,11,-1.14483297827522,4.78627329360496,108796
B arid,12,-1.08759285602546,5.57943182778265,133922
B arid,13,-1.37045401907221,6.42267299850671,127576
B arid,14,-1.06383893000402,5.42746054354625,109441
B arid,15,-1.03427710962996,5.71295610144092,133067
B arid,16,-0.847969253107808,6.30915307121211,127081
B arid,17,0.0854719665655153,4.87505228841514,108310
B arid,18,0.250140599539401,4.92669679477107,132709
B arid,19,0.692461053309848,5.59747855994006,125863
B arid,20,0.440823981100827,4.76137878362535,103500
B arid,22,0.474603640304781,6.00760949932455,119449
B arid,23,0.252431087326716,4.69315402802011,103244
B arid,21,0.65243171817037,4.94788905590806,124630
A tropical,5,0.0389926112792086,3.79942342541561,53671
A tropical,8,0.244009739974058,3.81262425975259,57020
A tropical,11,-0.0803126579788368,4.08918239036383,57381
A tropical,14,-0.462876543359967,4.37139941843312,56686
A tropical,17,-0.0441106855939849,4.18535073117249,55876
A tropical,20,0.0890604254094452,4.22534647290217,56650
A tropical,23,-0.122904962160158,3.5954270732386,53350
A tropical,2,-0.0933964956859001,3.70298577934492,51140
A tropical,6,-0.132325299797881,4.58896388710527,50506
A tropical,4,-0.0147479759141021,4.13358932974553,47863
A tropical,7,0.613566211202061,4.78724809779604,52073
A tropical,10,0.207407873740278,4.57604222481568,54401
A tropical,13,-0.573252275511677,5.58266289279042,52582
A tropical,16,-0.116286938183908,5.26072203472176,53902
A tropical,19,0.33879210870516,4.42106049903808,51672
A tropical,22,-0.114217181483157,4.00894818628597,52111
A tropical,1,0.19154833335903,3.79482091255079,46810
A tropical,9,0.345420899202375,4.3767561152983,53377
A tropical,12,-0.0154911045914514,4.36989716448368,51023
A tropical,15,-0.104301159518652,4.73282574167098,52959
A tropical,18,0.575264558210496,4.37142056441781,49952
A tropical,21,-0.233809420540324,3.70310721853366,49880
A tropical,0,-0.0443381539916244,3.73763937683369,46000
A tropical,3,-0.526487778583047,3.88582076216505,47803
