id,name,elev,z_sl,dz_sl,bias,sd,reason,step,step_at,dem_srtm,dem_aster,dem_refutes,nb_n,nb_km_min,nb_bias_median
714850-99999,HERBERT ISLAND,1605,47,1558,-1591,2.6,implausible offset,,,0,,TRUE,1,34,2.9
443250-99999,ERDENI,2417,2492,-75,-1229.9,19.1,implausible offset,,,2427,2421,FALSE,,,
387440-99999,LAHSH,1198,3501,-2303,816.5,26.1,implausible offset,,,4801,4803,TRUE,,,
959090-99999,THREDBO AWS,1368,1177,191,582.8,11.1,implausible offset,,,1859,1862,TRUE,1,33,5.8
787190-99999,LA ESPERANZA,1100,1230,-130,564.6,5.4,implausible offset,,,1757,1756,TRUE,,,
723760-99999,FLAGSTAFF,2181.6,2224,-42,-485.2,16.8,implausible offset,,,2153,2154,FALSE,2,36,-0.8
763900-99999,PLAN DE GUADALUPE INTL / SALT,1456.3,1737,-281,337.9,5.5,implausible offset,,,1428,1420,TRUE,,,
170900-99999,SIVAS,1285,1466,-181,306.2,3.3,implausible offset,,,1286,1287,FALSE,,,
170740-99999,KASTAMONU,1100,1262,-162,-301.2,5.8,implausible offset,,,1067,1075,FALSE,,,
479090-99999,NAZE/FUNCHATOGE,294.1,21,273,-284.4,2.9,implausible offset,,,291,291,FALSE,,,
983280-99999,BAGUIO,1295.7,613,683,206.9,6,implausible offset,,,1288,1286,FALSE,,,
383280-99999,SHYMKENT,422.1,509,-87,177.3,3.7,implausible offset,,,408,409,FALSE,,,
569510-99999,LINCANG,1503,1831,-328,128.6,5,implausible offset,,,2712,2701,TRUE,,,
442660-99999,TONHIL,2095,2094,1,126.7,5.3,implausible offset,,,2242,2240,TRUE,,,
443380-99999,BOGD,1646,1564,82,-124,7.5,implausible offset,,,1535,1528,TRUE,,,
607650-99999,GABES / MATMATA,125,136,-11,-120.4,5,implausible offset,,,120,112,FALSE,,,
638810-99999,SUMBAWANGA,1923,1634,289,-114.2,5.2,implausible offset,,,1843,1834,TRUE,,,
443290-99999,AMARBUYANTAYN,2103,1745,358,113.5,8,implausible offset,,,1919,1946,TRUE,,,
576620-99999,CHANGDE,35,50,-15,112.7,3.5,implausible offset,,,39,43,FALSE,,,
407030-99999,KHOY,1213.4,1377,-164,-108.9,7.1,implausible offset,,,1187,1182,TRUE,,,
763230-99999,HIDALGO DEL PARRAL   CHIH.,1661,1839,-178,83.2,8.3,implausible offset,,,1714,1713,TRUE,,,
067240-99999,MONTANA,1508,1820,-312,-82.4,7,implausible offset,,,1450,1452,FALSE,2,14,4.9
274590-99999,STRIGINO,78,97,-19,79.9,2.7,implausible offset,,,74,64,FALSE,,,
720151-03049,ALPINE-CASPARIS MUNI ARPT,1375.6,1468,-92,-77.8,4.7,implausible offset,,,1365,1345,FALSE,1,32,-5
710750-99999,COLLINS BAY  SASK,492,429,63,-76.6,2.5,implausible offset,,,498,507,FALSE,,,
636610-99999,KITALE,1850.1,1947,-97,-73.8,8.4,implausible offset,,,1830,1833,FALSE,,,
710349-99999,MAKKOVIK,71,93,-22,-72.6,88.5,implausible offset,,,62,52,FALSE,,,
560790-99999,RUO'ERGAI,3441,3538,-97,70.3,6,implausible offset,,,3457,3464,FALSE,,,
605490-99999,MECHERIA,1175,1144,31,-66.6,4.2,implausible offset,,,1111,1109,TRUE,1,30,2.3
638010-99999,KIGOMA,885,928,-43,-64.1,5.1,implausible offset,,,807,809,FALSE,,,
594930-99999,BAOAN INTL,4,10,-6,59,3.7,implausible offset,,,-3,10,FALSE,2,26,1.2
852010-99999,EL ALTO INTL,4061.5,4047,15,-53.5,4.5,implausible offset,,,4037,4032,TRUE,,,
896590-99999,PRIESTLEY GLACIER,1924,1887,37,51.8,12.1,implausible offset,,,,1992,TRUE,,,
898790-99999,POSSESSION IS,30,-3,33,51.7,9.7,implausible offset,,,,,,,,
985580-99999,GUIUAN,2.1,18,-16,51.5,3.4,implausible offset,,,6,9,FALSE,,,
421110-99999,DEHRADUN,682,726,-44,-46.5,6.1,implausible offset,,,655,655,FALSE,,,
360900-99999,HOVU-AKSY,1043,1161,-118,-46,5.3,implausible offset,,,1013,999,FALSE,,,
605350-99999,DJELFA/TLETSI,1144,1114,30,45.5,4.2,implausible offset,,,1132,1138,FALSE,,,
407804-99999,ILAM,1368,1364,4,-44.9,4.3,implausible offset,,,1328,1322,FALSE,,,
361260-99999,BAJANAUL,504,429,75,-44,3,implausible offset,,,539,537,FALSE,,,
432260-99999,HONAVAR,9,130,-121,43.9,16.3,implausible offset,,,20,19,FALSE,,,
890040-99999,S.A.N.A.E. AWS,817,823,-6,43.9,6.4,implausible offset,,,,833,FALSE,,,
965250-99999,TANJUNG SELOR,50,147,-97,-43.6,3.9,implausible offset,,,6,23,FALSE,,,
407690-99999,ARAK,1661.8,1791,-129,42.9,5.9,implausible offset,,,1654,1661,FALSE,,,
862100-99999,SALTOS DEL GUAIRA,265,268,-3,40,9.9,implausible offset,,,304,305,FALSE,,,
972840-99999,RUTENG/SATAR TACIK,1170,484,686,-37.5,5.6,step change,10,2022-08,1482,1475,TRUE,,,
916600-99999,YASAWA,30,1,29,36.3,2.9,implausible offset,,,3,8,TRUE,,,
683470-99999,P C PELSER,1354.5,1377,-22,-35,6.6,implausible offset,,,1362,1356,FALSE,,,
714920-99999,TUKTUT NOGAIT  NWT,522,559,-37,33.9,4.1,implausible offset,,,,561,FALSE,,,
890130-99999,BALDRICK AWS,1968,1965,3,32.3,6.3,implausible offset,,,,2980,TRUE,,,
653190-99999,NATITINGOU,461,455,6,-32.2,4.8,implausible offset,,,460,466,FALSE,,,
672170-99999,LICHINGA,1373.1,1127,246,-25.7,12.8,step change,24,2023-04,1366,1363,FALSE,,,
801120-99999,JOSE MARIA CORDOVA,2142.1,2033,110,-24.2,7.1,step change,-14,2022-08,2122,2134,FALSE,1,20,-9.7
539230-99999,XIFENGZHEN,1423,1250,173,-23.4,26.6,step change,-56,2024-01,1414,1422,FALSE,,,
854690-99999,MATAVERI INTL,69.2,8,61,-22.3,11.5,step change,26,2024-06,59,40,FALSE,,,
636860-99999,ELDORET,2120,2127,-7,-16.2,24.5,step change,48,2023-05,2143,2138,FALSE,,,
637170-99999,NYERI,1759,2005,-246,-13.2,25.1,step change,52,2023-02,1801,1795,FALSE,,,
638870-99999,IRINGA,1425.9,1607,-181,-10,11.1,step change,-20,2023-09,1419,1408,FALSE,,,
432130-99999,KURNOOL,281,341,-60,8.5,5.9,step change,11,2022-09,280,277,FALSE,,,
470280-99999,SUPUNG,76,303,-227,-8.3,8.5,step change,-15,2024-01,67,71,FALSE,1,32,-0.4
711640-99999,LITTLE CHICAGO  NWT,63,211,-148,-6.4,9.2,step change,14,2022-08,,60,FALSE,,,
717860-99999,YOHO PARK  BC,1602,2259,-657,3.6,10.6,step change,-16,2022-08,1924,1918,FALSE,,,
720627-00214,STIGLER REGIONAL AIRPORT,183.2,184,0,-3.6,12.2,step change,-27,2024-06,179,169,FALSE,,,
010550-99999,FRUHOLMEN FYR,14.2,-2,16,3.4,7.1,step change,12,2024-06,,,,,,
