id,bias,nb,km,nb_elev,nb_n,nb_z_sl,nb_bias
011410-99999,-3.60436591704934,011600-99999,42.7494830321183,11,684,64.8633616124008,1.2133636954222
029920-99999,0.0404071467103559,029760-99999,30.549466953838,13.1,8406,14.0711377133119,-0.640246121217627
029920-99999,0.0404071467103559,029670-99999,40.4035921411811,5.5,8649,0.0974406557030179,1.20408828291589
066550-99999,21.8636680958438,066720-99999,17.3439390445346,451,8152,1924.8715416484,-2.7458667217698
067240-99999,-82.4173182901774,067200-99999,13.9633130405598,481.9,8106,1620.75153762052,11.8450804233893
067240-99999,-82.4173182901774,067160-99999,20.2817414807227,1580,8123,1820.0232053154,-2.07986216696575
067480-99999,26.1084604235347,160520-99999,11.7715024912918,3488,3508,2374.52337229393,-7.0297679929049
067480-99999,26.1084604235347,067160-99999,16.5663972616935,1580,8123,1820.0232053154,-2.07986216696575
119160-99999,-15.5199389699037,119330-99999,38.22333974486,1356,8613,972.251062177834,-34.1431621501338
119160-99999,-15.5199389699037,126500-99999,39.3703139247552,1989,8644,962.165033182203,-8.01910277736201
119330-99999,-34.154300178482,119340-99999,12.4581199478982,718.1,8609,854.430023647857,-21.5650314980355
119330-99999,-34.154300178482,119300-99999,13.4211518370486,2635,8613,843.011193695732,-11.0380623458963
143240-99999,-6.61752804304295,143210-99999,18.6042338359849,19.9,7168,172.252225291639,5.24338654015518
143240-99999,-6.61752804304295,143230-99999,21.3727205775442,28,6884,658.683945094018,7.28107671249854
151190-99999,-6.59195381887135,151180-99999,16.7874287203788,1116,8667,587.183913865209,-10.4393091433906
151190-99999,-6.59195381887135,150990-99999,19.9906728231526,561,8498,862.341587484641,-2.4420360040362
153010-99999,-15.2412384124136,152800-99999,14.4019748000137,2509,8663,1028.35576855055,-13.1839146328516
153010-99999,-15.2412384124136,153250-99999,20.4013204774606,1510,8668,905.05893362221,4.77878938541002
153150-99999,-19.2112977875342,153140-99999,16.6640086960009,286,8664,497.532137392101,-4.51784817179132
153150-99999,-19.2112977875342,153640-99999,29.8375190446648,252,8643,602.049862609173,-1.76854529398678
156000-99999,-18.705272588805,156140-99999,26.2571155120331,531,2867,848.902843112199,65.5374701295871
219780-99999,0.679911738426752,250510-99999,35.7367682486122,3.4,2876,86.8063798704196,2.08379241988659
224290-99999,-0.49811145271525,225200-99999,42.6446406654223,8,2853,13.5509231140349,0.0431496594201354
296050-99999,-2.18515859849552,296020-99999,47.6467351839528,111,2870,103.558405281748,-0.942608862909869
411140-99999,-16.4110396611569,411120-99999,16.7659739283967,2090.3,2850,2080.57145255069,-5.6090942804093
412540-99999,17.6246162281679,412550-99999,23.807167239358,462,2342,494.871713725508,1.74432644580598
412540-99999,17.6246162281679,412570-99999,36.6322505434455,417,2651,751.715523155843,14.1931155697282
442920-99999,-30.3428039554517,442910-99999,1.48837581349274,1272,2866,1457.01339500811,-2.18879035530179
470280-99999,-8.30351238071002,544930-99999,32.2784173364129,261,2402,355.690807146809,-0.404432289450525
594930-99999,59.0156577610997,450350-99999,26.0338940058798,35,2846,55.0454064493227,0.757998945682343
594930-99999,59.0156577610997,450320-99999,36.7456702966725,13,2891,77.5046560401615,1.63165591605367
603400-99999,-0.929190904226499,603380-99999,33.4875448214562,47.5,8232,86.7454358936283,3.25240228992071
605490-99999,-66.6338795260904,605570-99999,30.3921425357568,1166,1793,1178.27197655736,2.33985311174418
637080-99999,-49.7596200204684,636870-99999,40.2170668365984,1530.1,1739,1524.09837369604,-15.7408711447094
700634-27408,-2.21842075374518,700637-27406,44.7782428918912,17.7,7947,15.3007720685708,0.663627052811561
702758-27517,-4.23283598325744,703644-27515,14.682111148562,11.3,7829,20.7717885471848,0.0429278380894129
712520-99999,-31.4003962201419,719790-99999,47.0068351165118,1448,2840,1602.88857919435,11.4973595947396
714850-99999,-1590.97552870677,711090-99999,34.3602268296161,17,3444,78.6490484932418,2.85256395260511
719020-99999,1.88269429641225,716650-99999,0.183874957160554,8,4150,72.0623190800375,3.65401676830029
720151-03049,-77.787698765435,722640-93035,32.0682885912804,1478,6204,1493.56544132362,-5.00451423199354
720533-00160,17.4510327339204,724699-03065,17.0686890867122,1705.4,8228,1623.56491871906,20.8368648359261
722101-03039,-16.2386789687528,720539-00165,28.8609362965047,2335.1,8417,2589.64644885422,1.29487136506348
723760-99999,-485.173747089494,720635-00221,35.979028585711,2035.2,8436,1881.89368988454,-1.54744140623593
723760-99999,-485.173747089494,723756-00375,40.9257826812468,1471.3,8202,1581.27179045915,-0.0785537984141671
725467-04973,1.61256646492635,725494-04966,31.5414965413435,318.2,8432,340.268794405454,-1.35290911653706
725467-04973,1.61256646492635,725479-04937,32.7655221405849,302.4,6759,341.578890743144,-6.14197686811634
726593-04946,-1.08315678754008,727506-04952,30.8663768526888,429.8,8219,383.017210021389,1.42508568435467
726593-04946,-1.08315678754008,726499-94971,33.6867207684139,400.6,8632,400.881363427496,1.43141613852766
766830-99999,-32.3365094817556,766850-99999,21.7705238157927,2243.6,3712,2503.47246232467,-64.8262235448437
801120-99999,-24.2250649053148,801100-99999,19.5527954078646,1505.7,1355,2032.56273525172,-9.69756740763414
804310-99999,16.1454345719849,804130-99999,48.186521270115,407.8,1500,637.279066134332,26.7690648090993
873710-99999,3.57421020083397,873740-99999,32.719612348619,74.1,8530,42.4519112190453,1.68712427104374
959090-99999,582.770741770862,949190-99999,32.5856553425727,340,8542,1220.0389153183,5.83337502640577
970140-99999,3.17196820732008,970160-99999,31.3444001433353,3,2841,78.9338520449134,1.2575822484738
970160-99999,2.40610063289343,970140-99999,31.3444001433353,80.5,2844,217.547939806789,3.02929569396801
