rule,steps,n_stations,n_obs,abs_bias_median,abs_bias_p90,sd_median,sd_p90,mae,rmse,p95_abs
no screen,kept,969,13305349,3.44924113590575,21.6952477836686,4.17826798848889,8.75843991001393,16.795715713189,81.3011258923032,43.9394312800255
no screen,excluded,955,13154711,3.39567597437039,21.347146064231,4.14927995979954,8.33562618626113,16.7980043913887,81.84758525611,43.7648795106608
15 m + 5%,kept,879,12334848,2.96513826977996,11.6469184145833,4.10531983988798,8.31520107554168,6.44348116554795,10.0041773546068,20.3675304263571
15 m + 5%,excluded,868,12220041,2.86356340480201,11.5953529437509,4.04633147342503,8.11358842057535,6.33659714619295,9.7614253686693,19.9397878052976
30 m + 10% (used),kept,919,12796795,3.18714687451948,15.4992276059108,4.13094608206181,8.51860534460808,7.39312365128299,11.7573190636953,25.3541812678077
30 m + 10% (used),excluded,905,12646157,3.16874099124656,14.849980962794,4.08223167062648,8.16656901168686,7.250084312913,11.4978515618904,24.5961013195636
60 m + 20%,kept,947,13101544,3.35179230399348,18.8690700954358,4.15815376142664,8.5325865434442,8.81950796086132,15.5227007794931,32.982377565731
60 m + 20%,excluded,933,12950906,3.25005357978522,17.5913240100225,4.131096828835,8.30041969744026,8.70216474449033,15.3831956292171,32.3131382351512
100 m + 30%,kept,955,13163784,3.39567597437039,20.1139471882239,4.17146759929491,8.5371617020766,9.67358960273207,19.0000560932429,36.166559180471
100 m + 30%,excluded,941,13013146,3.32343576136801,19.3210193883257,4.13933931478581,8.30319589661862,9.56995083770914,18.9344474964081,35.5392316086837
