hbin,method,n,n_stations,bias,sd,mae,rmse,p95_abs
"(-10,1]",ERA5-Land,80342,72,0.0658289686544458,2.32375169908008,0.0662432832015622,2.32468393810712,0
"(1,100]",ERA5-Land,43203,62,-1.21959994938398,14.8432939130049,6.64924104771992,14.8933138765146,30.0600569885317
"(100,250]",ERA5-Land,41944,62,-3.673172858816,12.991964012916,6.42486724496784,13.5012343051905,29.0951014009775
"(250,500]",ERA5-Land,44773,64,-4.97118623475441,9.21850554316506,7.1697532372462,10.4734682426589,18.953990627044
"(500,1e+03]",ERA5-Land,134450,69,-7.5236653108215,16.9981809308279,12.0729327878621,18.5888056277537,40.7632493923537
"(1e+03,1.5e+03]",ERA5-Land,121317,68,-16.4783147969278,20.6238743174966,20.1839255794101,26.3984668193197,53.4651927024904
"(1.5e+03,2e+03]",ERA5-Land,88050,62,-24.5869903914502,25.5507393694033,27.8216790859295,35.4592777539666,67.7279269571063
"(2e+03,3e+03]",ERA5-Land,194848,67,-35.9272278243453,42.9827749569431,42.8360414405963,56.0203948767249,110.971982422726
"(3e+03,4e+03]",ERA5-Land,173516,63,-49.8478599500865,46.7062750394206,58.0157624626851,68.310213509138,126.284574007575
"(4e+03,5e+03]",ERA5-Land,158090,63,-63.7629839471043,87.516388438982,84.870739281191,108.281283550046,211.170131298239
"(5e+03,6e+03]",ERA5-Land,194252,70,-98.7480678536558,94.6932769962368,111.761523309091,136.813733276707,258.296799735797
,ERA5-Land,7,2,75.8143488780643,7.42972398601509,75.8143488780643,76.1775314270108,96.7929121852072
"(-10,1]",GeoPressureR (ERA5 single-levels),365141,326,0.0488429952719052,1.5030670542867,0.0489704549216191,1.50386043497076,0
"(1,100]",GeoPressureR (ERA5 single-levels),199734,296,-0.82104276977909,9.86040449078043,5.17536406214308,9.89452818236453,17.074874206477
"(100,250]",GeoPressureR (ERA5 single-levels),200028,292,-2.69634632953737,9.45552961415671,5.25564767996218,9.8324627542142,18.5395197995531
"(250,500]",GeoPressureR (ERA5 single-levels),213147,279,-2.64841818034317,14.8625885358881,8.00806457388079,15.0967101331743,22.6375558006575
"(500,1e+03]",GeoPressureR (ERA5 single-levels),609037,308,-7.02650525835176,13.2922423329882,10.3135757917211,15.0351415817884,29.7995610027544
"(1e+03,1.5e+03]",GeoPressureR (ERA5 single-levels),545323,309,-13.5981591524358,20.0042898648786,17.6928329512152,24.1884589284402,50.216778454123
"(1.5e+03,2e+03]",GeoPressureR (ERA5 single-levels),418624,291,-19.3830814484066,30.041947900453,25.2966350584992,35.7522374137545,69.4249156388471
"(2e+03,3e+03]",GeoPressureR (ERA5 single-levels),896880,294,-34.9510038775017,47.5282132258852,43.2001413307065,58.9957941253855,121.464182020511
"(3e+03,4e+03]",GeoPressureR (ERA5 single-levels),784171,294,-46.7217774739296,61.7991282745907,56.9465511361295,77.4729420237593,145.569402466144
"(4e+03,5e+03]",GeoPressureR (ERA5 single-levels),716230,280,-62.537179205771,96.0604962905394,87.2615927662284,114.623373404313,231.560907857033
"(5e+03,6e+03]",GeoPressureR (ERA5 single-levels),884139,321,-90.6248708363946,103.053804448054,109.126455267554,137.233209629843,273.451307311428
,GeoPressureR (ERA5 single-levels),22,5,44.8691886088965,21.7756950592647,44.8691886088965,49.8740912873088,75.5920394471306
"(-10,1]",lapse rate -5 K/km,365141,326,0.0488244121780652,1.5023530533271,0.048951943828252,1.50314620714859,0
"(1,100]",lapse rate -5 K/km,199734,296,-0.828718240992715,9.85924687548391,5.17598671142879,9.89401449739682,17.1128804976954
"(100,250]",lapse rate -5 K/km,200028,292,-2.6886938024037,9.44819740951437,5.24465889773631,9.82331454511376,18.535486498107
"(250,500]",lapse rate -5 K/km,213147,279,-2.34332769269244,14.8218778978941,7.87342707723505,15.0059737803126,22.3118966482574
"(500,1e+03]",lapse rate -5 K/km,609037,308,-5.83481959765372,13.2414358018566,9.70645396721936,14.469994534614,28.7549505413553
"(1e+03,1.5e+03]",lapse rate -5 K/km,545323,309,-9.46961053138964,19.9457544374608,15.7866166586212,22.0795526153856,46.3873897269334
"(1.5e+03,2e+03]",lapse rate -5 K/km,418624,291,-12.5948128639963,29.9455634266395,21.9225183290471,32.4863983848339,63.1439148206255
"(2e+03,3e+03]",lapse rate -5 K/km,896880,294,-17.2364423235301,47.2054899329246,35.3484532932213,50.2538876484049,103.824206143736
"(3e+03,4e+03]",lapse rate -5 K/km,784171,294,-18.4835771339078,62.1971908163699,42.0436092976747,64.8855389829808,125.398221748481
"(4e+03,5e+03]",lapse rate -5 K/km,716230,280,-8.36697988294771,95.3846698603993,68.2468866938733,95.7509352264451,189.686804459286
"(5e+03,6e+03]",lapse rate -5 K/km,884139,321,-10.4891663282529,103.931412124383,73.5439635688839,104.459375052839,224.689864305378
,lapse rate -5 K/km,22,5,44.8589780758944,21.762328471069,44.8589780758944,49.8590699321224,75.5452387353373
"(-10,1]",virtual temperature,365141,326,0.0490784171594635,1.5090868869952,0.0492059369383225,1.50988473849244,0
"(1,100]",virtual temperature,199734,296,-0.49823575523248,9.8696869700062,5.1244429156931,9.88225479097272,16.9905810950612
"(100,250]",virtual temperature,200028,292,-1.97689043466222,9.46152061067366,5.07037396204804,9.66584026646759,18.154864704217
"(250,500]",virtual temperature,213147,279,-1.01951947414164,14.7431512911765,7.3554174658119,14.7783601916001,20.9411495507661
"(500,1e+03]",virtual temperature,609037,308,-3.14699052153469,13.337181379316,8.77908390169987,13.7034286398467,27.9677805001172
"(1e+03,1.5e+03]",virtual temperature,545323,309,-7.46156233643228,20.714501232257,15.1676677051072,22.0173902586473,47.2677232250702
"(1.5e+03,2e+03]",virtual temperature,418624,291,-10.0939273143556,31.2179450943782,20.9668891842251,32.809258823435,65.4989473706796
"(2e+03,3e+03]",virtual temperature,896880,294,-24.0533178270718,49.9017107173038,37.9721055659291,55.3962348088851,118.57498445924
"(3e+03,4e+03]",virtual temperature,784171,294,-25.426226177289,64.3396346139257,43.4372946809631,69.1815116911314,138.19622249874
"(4e+03,5e+03]",virtual temperature,716230,280,-42.498943178473,99.7493326242494,76.0798692287986,108.425502213561,227.038524139688
"(5e+03,6e+03]",virtual temperature,884139,321,-60.2206208924417,107.823798116307,88.5723508348871,123.500990363993,264.714539378718
,virtual temperature,22,5,45.0654244135198,21.8680526957714,45.0654244135198,50.0909593267657,75.7396426852139
"(-10,1]",virtual temperature + lapse -5 K/km,365141,326,0.0490597867297762,1.50837410782319,0.0491873789097801,1.50917173039646,0
"(1,100]",virtual temperature + lapse -5 K/km,199734,296,-0.505928234511754,9.86875641468291,5.12542447250665,9.88171627556796,17.0315226572176
"(100,250]",virtual temperature + lapse -5 K/km,200028,292,-1.96910916471868,9.45621164627464,5.06735510164925,9.65905428091814,18.1599127096567
"(250,500]",virtual temperature + lapse -5 K/km,213147,279,-0.712932048687307,14.7102602806814,7.31476270202973,14.7275262563485,20.6377291157421
"(500,1e+03]",virtual temperature + lapse -5 K/km,609037,308,-1.94850170951078,13.3273208016485,8.71176403063258,13.4690065952175,27.0483508593362
"(1e+03,1.5e+03]",virtual temperature + lapse -5 K/km,545323,309,-3.31305679191579,20.7298364151063,14.9005634066584,20.9929145928696,43.2787031238493
"(1.5e+03,2e+03]",virtual temperature + lapse -5 K/km,418624,291,-3.26771879234025,31.1303151695828,20.8598785537587,31.3013499495372,59.443125011444
"(2e+03,3e+03]",virtual temperature + lapse -5 K/km,896880,294,-6.26483501716338,49.6629611640826,35.741729300576,50.0565467184596,101.999033550913
"(3e+03,4e+03]",virtual temperature + lapse -5 K/km,784171,294,2.98980736730394,64.4971007326518,44.0424524643358,64.5663608314065,127.661813076076
"(4e+03,5e+03]",virtual temperature + lapse -5 K/km,716230,280,11.9087581337987,99.0147938636888,74.243561936752,99.7283707084279,195.846881109821
"(5e+03,6e+03]",virtual temperature + lapse -5 K/km,884139,321,20.3626081981835,109.187489679986,84.7640908077077,111.069994666641,228.73837780084
,virtual temperature + lapse -5 K/km,22,5,45.0552217084165,21.8548901180263,45.0552217084165,50.0760344402946,75.6927366567289
