hbin,trusted,n,bias,mae,rmse,p95_abs
"(-10,1]",FALSE,51194,-2.40950872486731,13.5229297992605,24.7910722511816,65.9626437539982
"(1,100]",FALSE,24696,1.29487056938455,6.74644226645419,10.3588237124176,19.888398161015
"(100,250]",FALSE,21653,-0.190336679412643,7.49505675120803,12.3803157262649,20.770262805132
"(250,500]",FALSE,30405,-1.35971528419524,6.71699066258416,9.69716492702885,17.3508592325618
"(500,1e+03]",FALSE,79763,-7.98427071447625,11.5293378865188,16.0127891725151,31.2588096135887
"(1e+03,1.5e+03]",FALSE,83075,-13.0960462254892,16.6683692295799,23.1074464746231,47.7838234133449
"(1.5e+03,2e+03]",FALSE,58629,-33.4230565119236,36.0635997858658,50.0337141656234,119.677637803415
"(2e+03,3e+03]",FALSE,137545,-40.3158882548644,44.9063233228254,62.5192507724649,131.087985597872
"(3e+03,4e+03]",FALSE,112179,-62.7791827839396,68.7296524193287,95.8792546251917,221.035461832548
"(4e+03,5e+03]",FALSE,111174,-87.5150113102687,94.8313522776261,123.530255110882,245.191533878045
"(5e+03,6e+03]",FALSE,121187,-105.827448735522,115.773320588122,143.788891672906,283.931475544325
,FALSE,8,19.2208489189673,19.2208489189673,23.1268429546665,35.1178021280771
"(-10,1]",TRUE,314308,1.82720151280635,9.33363288462993,27.7504066343029,23.9087997832123
"(1,100]",TRUE,177633,-2.28678228725128,5.96528384841773,11.7285396307358,16.4763597831765
"(100,250]",TRUE,179972,-3.9667972608342,7.00729264605411,14.365870686188,26.2198088690902
"(250,500]",TRUE,184148,-5.311594420121,7.65079502316181,12.0809162094101,23.9756236478735
"(500,1e+03]",TRUE,534774,-8.17404222624017,10.2385901584919,15.3929438402681,28.1711804400287
"(1e+03,1.5e+03]",TRUE,466999,-14.4424666243923,17.6190972661229,23.7471468687525,47.7351075986205
"(1.5e+03,2e+03]",TRUE,363363,-18.8491882316064,23.4233299094933,31.186322807234,62.2248513798149
"(2e+03,3e+03]",TRUE,766611,-34.431322529345,42.114894664414,57.0157034844319,117.614421198495
"(3e+03,4e+03]",TRUE,679303,-42.3485738954266,51.6572963321471,64.2974711945751,124.204847118584
"(4e+03,5e+03]",TRUE,611783,-59.4770572290013,85.4856671285394,112.294367829583,226.907251639796
"(5e+03,6e+03]",TRUE,771507,-87.5148055829488,106.259587083485,132.610029598776,257.916613501591
,TRUE,19,4.90905122977323,6.11995108984208,16.3163952561279,15.1117323403165
