hbin,climate,method,n,n_stations,bias,sd,mae,rmse,p95_abs
"(-10,1]",B arid,ERA5-Land,13724,16,-0.000760511385661016,0.0709691615877486,0.000760692925073624,0.0709732363221214,0
"(-10,1]",A tropical,ERA5-Land,11142,12,0.00103187074329847,0.116586830191027,0.00103187074329847,0.116591396471701,0
"(-10,1]",C temperate,ERA5-Land,24602,21,0.00322174615418128,0.196340927796241,0.00324188588783364,0.196367358734013,0
"(-10,1]",E polar,ERA5-Land,2976,3,1.62369447493732,11.4819219130078,1.62427834950864,11.5961594747727,0
"(-10,1]",D continental,ERA5-Land,27898,20,-5.50216815609406e-07,0.000261181183181622,5.50216815609406e-07,0.000261181762737555,0
"(1,100]",B arid,ERA5-Land,6430,14,-2.02693448406617,4.86887624193693,3.49050339510502,5.27393773778137,9.78574218613347
"(1,100]",A tropical,ERA5-Land,5701,8,-6.74544608331622,14.3388020220249,8.54950041982121,15.8462073156246,40.2529429078734
"(1,100]",C temperate,ERA5-Land,17623,18,-3.08017882571551,6.25386283019188,4.73584352968077,6.97124823092976,14.9394803504416
"(1,100]",D continental,ERA5-Land,12200,20,-2.1803080127383,7.38249078457822,4.49764285114639,7.69772130015064,13.7212864952367
"(1,100]",E polar,ERA5-Land,1249,2,49.8633364908483,38.8701399218172,50.4971736510752,63.2237305411601,97.3117752650715
"(100,250]",B arid,ERA5-Land,6350,13,-3.86869297979254,5.32695820822249,4.84666150275414,6.58356052026907,12.2288896970169
"(100,250]",A tropical,ERA5-Land,3513,7,-14.3798538206915,24.0622676376394,14.7351273983708,28.0316414034186,70.1015805055953
"(100,250]",C temperate,ERA5-Land,21820,19,-1.74034671400163,5.16677156039179,3.70797492728708,5.45200284686366,12.2746701104427
"(100,250]",E polar,ERA5-Land,692,3,22.672823332313,35.888982742757,26.5257380773474,42.4508657175351,78.0903184094704
"(100,250]",D continental,ERA5-Land,9569,20,-4.47195137959339,9.88095619682465,6.29371789485887,10.8458123026823,31.9364564132068
"(250,500]",B arid,ERA5-Land,4976,15,-3.96043590556352,7.27185116836496,6.10880541175418,8.28039081063973,16.0222906026067
"(250,500]",A tropical,ERA5-Land,5868,7,-8.70963537487159,7.0815610319769,8.85258512431373,11.22525077728,24.408642579688
"(250,500]",C temperate,ERA5-Land,22449,19,-4.32502581586101,6.92212069692585,5.98882810850984,8.16220578340653,17.2567411073461
"(250,500]",E polar,ERA5-Land,1146,3,-4.76077103794824,20.4524437259403,13.4276204396032,20.999223681806,60.4289264867883
"(250,500]",D continental,ERA5-Land,10334,20,-3.44893592193561,7.02306574239989,5.66111513957941,7.82423232117299,14.802870304017
"(500,1e+03]",B arid,ERA5-Land,12199,14,-6.99455454595818,11.6552203008072,10.2814632975085,13.5929376352844,27.1443095134824
"(500,1e+03]",A tropical,ERA5-Land,17537,12,-16.5749421845131,22.1283133897035,17.6319833226651,27.6476212700634,60.5645605578092
"(500,1e+03]",C temperate,ERA5-Land,66093,20,-5.84932749475312,10.3874960765436,9.53865272059379,11.9211873100404,22.7831266444344
"(500,1e+03]",E polar,ERA5-Land,3284,3,20.485720763325,40.5706295480913,35.5258412219669,45.4493205353108,80.0533591477587
"(500,1e+03]",D continental,ERA5-Land,35337,20,-7.8428539364994,11.6061154260958,9.68941163793842,14.0075791324966,31.12560870295
"(1e+03,1.5e+03]",B arid,ERA5-Land,11162,14,-18.1458895909329,15.001316527847,19.6354108791321,23.5438485939534,42.2555707444981
"(1e+03,1.5e+03]",A tropical,ERA5-Land,13156,10,-24.2036297467574,18.9589261951059,24.2793141692014,30.7450252136772,64.4773504074786
"(1e+03,1.5e+03]",C temperate,ERA5-Land,55199,21,-14.344005341319,15.0656220841643,16.4681003451737,20.8020061055321,40.2308211080194
"(1e+03,1.5e+03]",E polar,ERA5-Land,3876,3,4.45005895260791,39.3799608615301,31.3496315351151,39.6305985589082,79.0626803936287
"(1e+03,1.5e+03]",D continental,ERA5-Land,37924,20,-16.7645213814622,20.5942447418651,19.492369532694,26.5550766076378,54.8951214522668
"(1.5e+03,2e+03]",B arid,ERA5-Land,10016,14,-27.4872574475948,26.0752786676154,30.2913597717737,37.8875900471925,71.619231684884
"(1.5e+03,2e+03]",A tropical,ERA5-Land,12546,7,-31.6710704324814,28.6712616240671,31.6793236853083,42.7211650760456,93.5949019193176
"(1.5e+03,2e+03]",C temperate,ERA5-Land,49632,19,-21.1804843230224,23.6877416754106,25.8573771998598,31.7761234551786,61.5595279790273
"(1.5e+03,2e+03]",D continental,ERA5-Land,14573,20,-21.4417485852892,25.0612891589723,25.3638272016357,32.9820678051615,65.6555328360077
"(1.5e+03,2e+03]",E polar,ERA5-Land,1283,2,-24.2421058336893,17.6728348543086,24.8813532174603,30.0001464503,54.7418564261428
"(2e+03,3e+03]",B arid,ERA5-Land,17995,14,-30.3326495966443,43.1497828251271,42.5316798992428,52.7444157177656,99.5044510451846
"(2e+03,3e+03]",A tropical,ERA5-Land,24302,10,-27.2238334102981,18.3133108524389,27.9607720469422,32.8102797904802,58.9990729617335
"(2e+03,3e+03]",C temperate,ERA5-Land,96660,20,-31.3349373753083,34.0997491965425,37.1439720606099,46.31059485238,90.706515408227
"(2e+03,3e+03]",E polar,ERA5-Land,4927,3,-41.9106337308686,53.7116236057319,56.545152877404,68.1281126267788,132.363287485326
"(2e+03,3e+03]",D continental,ERA5-Land,50964,20,-44.8513117738947,51.0369732673671,50.7092299403192,67.9441889210175,143.054864360156
"(3e+03,4e+03]",B arid,ERA5-Land,16325,14,-50.6306501610894,55.1282285633095,63.6713159094884,74.8504129598706,132.461947856341
"(3e+03,4e+03]",A tropical,ERA5-Land,27849,8,-57.3680088658704,29.2300276233493,57.3886373860748,64.3854250284617,118.360825409924
"(3e+03,4e+03]",C temperate,ERA5-Land,97793,19,-43.0338782395863,49.1226996015979,54.4898313924424,65.3066175244585,121.514659348862
"(3e+03,4e+03]",D continental,ERA5-Land,29498,20,-51.5025997216669,47.5517699652224,57.947977190099,70.0977075582135,131.054826854353
"(3e+03,4e+03]",E polar,ERA5-Land,2051,2,-73.9667691330454,38.8750451657784,74.2409894774721,83.5604695572164,141.881497661937
"(4e+03,5e+03]",B arid,ERA5-Land,17350,15,-31.375219527575,100.641819852332,84.1365037061265,105.41906992377,204.046801216609
"(4e+03,5e+03]",A tropical,ERA5-Land,22182,6,-57.2465135016978,29.8203740241245,59.3354423241317,64.5477963608193,97.2443123635074
"(4e+03,5e+03]",C temperate,ERA5-Land,88813,19,-61.1951753227826,71.6004758014212,78.8066388196296,94.1885216880249,172.999191081351
"(4e+03,5e+03]",E polar,ERA5-Land,2837,3,-134.274207167853,96.6675692097935,135.971748014585,165.45144800662,331.603637884186
"(4e+03,5e+03]",D continental,ERA5-Land,26908,20,-101.395316571063,107.464996247647,108.532739295673,147.748893874229,328.562533300251
"(5e+03,6e+03]",B arid,ERA5-Land,20233,15,-94.4019215548765,108.476159172011,116.394433179853,143.801251392216,269.424433873496
"(5e+03,6e+03]",A tropical,ERA5-Land,28460,11,-105.606085400523,44.9927469834163,105.867169871829,114.791082209092,183.028273213499
"(5e+03,6e+03]",C temperate,ERA5-Land,94552,21,-80.9289924470284,81.1458211896544,96.0535815388589,114.604302340889,211.665564660147
"(5e+03,6e+03]",E polar,ERA5-Land,3533,3,-135.635066135928,113.74478626517,145.191484286599,177.016235323792,348.26531666416
"(5e+03,6e+03]",D continental,ERA5-Land,47474,20,-112.527636289697,110.897048427872,124.648259187681,157.989316977351,314.477178773969
,E polar,ERA5-Land,7,2,75.8143488780643,7.42972398601509,75.8143488780643,76.1775314270108,96.7929121852072
"(-10,1]",B arid,GeoPressureR (ERA5 single-levels),49320,55,0.000514916643110206,0.0659476163258933,0.000971484617997125,0.0659496265206749,0
"(-10,1]",A tropical,GeoPressureR (ERA5 single-levels),53242,56,0.115468023950358,2.04604261166586,0.115483252296762,2.04929822946946,0
"(-10,1]",C temperate,GeoPressureR (ERA5 single-levels),94286,83,0.00598770468604588,0.240775626065945,0.00604510307604778,0.240850066877433,0
"(-10,1]",E polar,GeoPressureR (ERA5 single-levels),44331,37,0.20228493521053,3.4296838843556,0.202340432545694,3.43564415235556,0
"(-10,1]",D continental,GeoPressureR (ERA5 single-levels),116942,86,0.00663223567605789,0.286410920576957,0.00669885435260162,0.286487699519037,0
"(1,100]",B arid,GeoPressureR (ERA5 single-levels),30195,48,-2.4232902522016,6.7413955641137,4.58890503400751,7.16371061659167,14.151242624435
"(1,100]",A tropical,GeoPressureR (ERA5 single-levels),36244,45,-0.597896304224538,11.0937794177176,6.10789532120459,11.1098794664739,17.612749132833
"(1,100]",C temperate,GeoPressureR (ERA5 single-levels),55564,74,-0.993430774602595,4.54551154313342,3.09299439723317,4.65280344445013,11.0755797489807
"(1,100]",E polar,GeoPressureR (ERA5 single-levels),16137,35,4.78471050714977,21.3133342886108,12.1319447503108,21.8438017097598,66.3695172434241
"(1,100]",D continental,GeoPressureR (ERA5 single-levels),56515,85,-1.57253681361222,6.62123237242215,4.28083386641532,6.80540888997706,15.3601969131223
"(100,250]",B arid,GeoPressureR (ERA5 single-levels),40510,46,-2.93468091196942,8.71927844321317,5.01248587137129,9.19990046823132,13.6361023824013
"(100,250]",A tropical,GeoPressureR (ERA5 single-levels),23501,39,-5.32434031442853,14.552707209021,7.96051777564407,15.4961248993204,33.5302902654771
"(100,250]",C temperate,GeoPressureR (ERA5 single-levels),66644,76,-2.15300983050282,6.05326713164389,3.84085149338357,6.42475636092801,13.3236900876094
"(100,250]",E polar,GeoPressureR (ERA5 single-levels),11672,36,-0.722990321101326,15.9285562697145,9.43155635800138,15.9449559372821,29.8879653955951
"(100,250]",D continental,GeoPressureR (ERA5 single-levels),52634,86,-2.12362818365207,7.18287389514818,4.57396166661474,7.49022523399686,15.6436379360346
"(250,500]",B arid,GeoPressureR (ERA5 single-levels),41381,45,-4.72798482159729,8.31042678677717,6.71530183072165,9.56122554130199,16.5815079353964
"(250,500]",A tropical,GeoPressureR (ERA5 single-levels),22177,33,-9.67086551602425,10.8153379670251,10.131807053193,14.5085207781498,28.1221679300405
"(250,500]",C temperate,GeoPressureR (ERA5 single-levels),62009,73,-4.10826652256976,7.65884807080593,5.62519020502849,8.69113384962892,17.4149609538633
"(250,500]",E polar,GeoPressureR (ERA5 single-levels),16321,37,1.13240118737875,11.5342186402529,7.27182704929694,11.5896735109464,25.432570882193
"(250,500]",D continental,GeoPressureR (ERA5 single-levels),67654,85,0.665837130358368,22.2151222418763,10.3155681310379,22.2250983193702,31.6164201481923
"(500,1e+03]",B arid,GeoPressureR (ERA5 single-levels),82601,46,-7.07796707150106,12.0362613999188,10.144260873114,13.9631374107833,27.5485890331587
"(500,1e+03]",A tropical,GeoPressureR (ERA5 single-levels),99781,55,-10.0460950985103,15.5937451691498,12.4919486829977,18.5496338273486,41.8664640587231
"(500,1e+03]",C temperate,GeoPressureR (ERA5 single-levels),189308,77,-5.16572919875834,9.44642872122516,7.82765931379431,10.7666045594737,22.5350805911098
"(500,1e+03]",E polar,GeoPressureR (ERA5 single-levels),46214,37,-3.54577796595051,19.2249099674122,12.9049778789998,19.5491612259688,40.6596059596109
"(500,1e+03]",D continental,GeoPressureR (ERA5 single-levels),178554,84,-7.46248212106084,12.5660167584158,10.2704187308744,14.6148354961646,29.8187087019108
"(1e+03,1.5e+03]",B arid,GeoPressureR (ERA5 single-levels),69363,50,-11.4136382393387,18.7256355543916,16.6920063404285,21.9299011574241,44.3754747417372
"(1e+03,1.5e+03]",A tropical,GeoPressureR (ERA5 single-levels),76029,50,-16.0689617609312,16.2699331122462,18.1827924880181,22.8674934251934,45.0188082544676
"(1e+03,1.5e+03]",C temperate,GeoPressureR (ERA5 single-levels),159505,77,-9.89865875925718,15.1417544816208,13.4001226046126,18.0902231609743,37.7374671458985
"(1e+03,1.5e+03]",E polar,GeoPressureR (ERA5 single-levels),58078,37,-11.3520184668303,23.9139944242128,18.8027365421572,26.4716348681474,56.9887382541982
"(1e+03,1.5e+03]",D continental,GeoPressureR (ERA5 single-levels),172613,86,-17.0981423641575,22.2769280573923,20.4599854077794,28.082165087105,58.6532896560354
"(1.5e+03,2e+03]",B arid,GeoPressureR (ERA5 single-levels),71424,48,-17.1841811431343,27.803578709566,25.9996590179679,32.6853953719273,62.8910092234435
"(1.5e+03,2e+03]",A tropical,GeoPressureR (ERA5 single-levels),79732,40,-19.5094926235001,16.830373815044,20.1909203632045,25.7659035389938,44.3859733823692
"(1.5e+03,2e+03]",C temperate,GeoPressureR (ERA5 single-levels),141352,75,-16.4053295707913,24.9057762323586,22.1287447580989,29.8233554125373,59.0588377736018
"(1.5e+03,2e+03]",E polar,GeoPressureR (ERA5 single-levels),19213,34,-48.8210952513652,58.1530165544076,52.3000103371519,75.9293927008606,174.188533067321
"(1.5e+03,2e+03]",D continental,GeoPressureR (ERA5 single-levels),94535,85,-16.5602846704728,36.3053191422004,28.9369621077329,39.9038748291987,86.3456387623958
"(2e+03,3e+03]",B arid,GeoPressureR (ERA5 single-levels),132179,44,-22.2084670714375,43.4360877932164,38.6247579379136,48.7843185095685,95.7329279302369
"(2e+03,3e+03]",A tropical,GeoPressureR (ERA5 single-levels),137643,44,-32.1900534618633,20.1751196403194,32.6224333643529,37.9899328030656,67.9460434450936
"(2e+03,3e+03]",C temperate,GeoPressureR (ERA5 single-levels),269133,78,-25.1453462393178,36.6968291809272,32.6876167207611,44.48534263584,85.4087917798267
"(2e+03,3e+03]",E polar,GeoPressureR (ERA5 single-levels),71841,37,-45.3459688186796,52.2730738732828,50.99188200528,69.200658524797,143.913343332435
"(2e+03,3e+03]",D continental,GeoPressureR (ERA5 single-levels),267579,85,-42.6393398327499,56.7755977480958,51.9306828617292,71.0040970721278,150.967422093051
"(3e+03,4e+03]",B arid,GeoPressureR (ERA5 single-levels),124597,45,-30.3310176795807,66.5180750805197,60.5732134760979,73.1069418447798,134.495565617635
"(3e+03,4e+03]",A tropical,GeoPressureR (ERA5 single-levels),161021,46,-40.1148543972146,22.74926295653,41.156342506153,46.1164884653552,74.1879349709072
"(3e+03,4e+03]",C temperate,GeoPressureR (ERA5 single-levels),264021,74,-47.9814674577115,68.6333723082796,57.3440823434105,83.7422295726479,154.756545983809
"(3e+03,4e+03]",E polar,GeoPressureR (ERA5 single-levels),34898,34,-97.5711412693328,94.5270313883759,101.996094434417,135.850974496694,310.58594681981
"(3e+03,4e+03]",D continental,GeoPressureR (ERA5 single-levels),177936,86,-48.1894145274394,62.3552559946925,61.4466174787501,78.8060760516791,156.099528543789
"(4e+03,5e+03]",B arid,GeoPressureR (ERA5 single-levels),129746,47,-21.1271153709417,96.5127013380748,80.1313644297858,98.7980593102378,185.585501093296
"(4e+03,5e+03]",A tropical,GeoPressureR (ERA5 single-levels),125464,30,-62.5840006004269,26.3099875291571,63.2428705141699,67.8894143069937,103.764030407679
"(4e+03,5e+03]",C temperate,GeoPressureR (ERA5 single-levels),226965,76,-57.062757054212,73.6340075816729,75.9782070467793,93.1564561110143,174.541336615149
"(4e+03,5e+03]",E polar,GeoPressureR (ERA5 single-levels),35825,35,-95.180531338037,95.2753537152052,104.013413697264,134.672664529017,271.945131185454
"(4e+03,5e+03]",D continental,GeoPressureR (ERA5 single-levels),181033,86,-89.8038783376199,123.281713312319,111.009853474384,152.522514409199,335.602239175793
"(5e+03,6e+03]",B arid,GeoPressureR (ERA5 single-levels),122821,54,-42.7421446955233,114.754083416358,98.6590797225625,122.455667871689,232.796964839775
"(5e+03,6e+03]",A tropical,GeoPressureR (ERA5 single-levels),176373,54,-89.9743570902089,37.5202949478017,90.4876938450426,97.4841395651389,148.926472489823
"(5e+03,6e+03]",C temperate,GeoPressureR (ERA5 single-levels),270484,83,-83.9903665106854,90.6195113251633,98.252472459318,123.55677844379,242.078333636079
"(5e+03,6e+03]",E polar,GeoPressureR (ERA5 single-levels),59674,35,-134.325001679978,108.591028832283,140.236825626125,172.728739991844,335.208526416523
"(5e+03,6e+03]",D continental,GeoPressureR (ERA5 single-levels),232036,86,-109.418317938343,126.462033999193,128.26401387806,167.227432987769,342.695304250109
,A tropical,GeoPressureR (ERA5 single-levels),4,2,45.0324734571769,17.5782402462156,45.0324734571769,48.3416817645499,62.7717392743334
,E polar,GeoPressureR (ERA5 single-levels),18,3,44.7320781383049,24.7557444732161,44.7320781383049,51.1253919202052,81.5100174468712
"(-10,1]",B arid,lapse rate -5 K/km,49320,55,0.000514804879772954,0.0659640923291462,0.000971668611082662,0.0659661011495603,0
"(-10,1]",A tropical,lapse rate -5 K/km,53242,56,0.1154522518396,2.04601586981781,0.115467525625236,2.04927064147266,0
"(-10,1]",C temperate,lapse rate -5 K/km,94286,83,0.00598722622483204,0.240756923400851,0.00604463782949549,0.240831358097884,0
"(-10,1]",E polar,lapse rate -5 K/km,44331,37,0.202163769716308,3.42726606218042,0.202219348616701,3.43322339074555,0
"(-10,1]",D continental,lapse rate -5 K/km,116942,86,0.00663108612803807,0.286366638988766,0.00669770528962983,0.286443403186278,0
"(1,100]",B arid,lapse rate -5 K/km,30195,48,-2.44569985105701,6.74224350055116,4.59550312381215,7.17211929503308,14.1448267304505
"(1,100]",A tropical,lapse rate -5 K/km,36244,45,-0.594665329956273,11.0929649814628,6.10297005087914,11.1088927861697,17.6046737476225
"(1,100]",C temperate,lapse rate -5 K/km,55564,74,-1.00143869481163,4.55840911861824,3.09781045293348,4.66711614941904,11.1403686925214
"(1,100]",E polar,lapse rate -5 K/km,16137,35,4.77596402852765,21.3019947968655,12.1325841250699,21.8308225847647,66.3150813651183
"(1,100]",D continental,lapse rate -5 K/km,56515,85,-1.58403995225691,6.61912294385337,4.28076622454308,6.80602461912918,15.3579415339524
"(100,250]",B arid,lapse rate -5 K/km,40510,46,-2.9311638022356,8.71523720463006,5.00913799197442,9.19494865502284,13.593765736201
"(100,250]",A tropical,lapse rate -5 K/km,23501,39,-5.27448726164232,14.5548222896594,7.93272962259149,15.4810551241443,33.4915290125956
"(100,250]",C temperate,lapse rate -5 K/km,66644,76,-2.13371328001549,6.05797749002332,3.83910791619904,6.4227582572401,13.279343085377
"(100,250]",E polar,lapse rate -5 K/km,11672,36,-0.692802647238311,15.9210008241775,9.42500702804559,15.9360673552631,29.8636576988945
"(100,250]",D continental,lapse rate -5 K/km,52634,86,-2.16908410032288,7.15428315924315,4.55892350691058,7.47587408648019,15.602100177772
"(250,500]",B arid,lapse rate -5 K/km,41381,45,-4.41520375148363,8.32793745900418,6.59813340603835,9.42595175503289,16.2642809947602
"(250,500]",A tropical,lapse rate -5 K/km,22177,33,-9.22714987301807,10.8432764405039,9.78627095533066,14.2378698808609,27.6326901780304
"(250,500]",C temperate,lapse rate -5 K/km,62009,73,-3.89097074534091,7.69199241292229,5.54506752023643,8.62011604455304,17.1347413773362
"(250,500]",E polar,lapse rate -5 K/km,16321,37,1.3766333308825,11.4752606540011,7.23678090483147,11.5575398076304,25.2713934392695
"(250,500]",D continental,lapse rate -5 K/km,67654,85,0.944733228156068,22.1446785521831,10.1867031624873,22.164821430634,31.1570140144632
"(500,1e+03]",B arid,lapse rate -5 K/km,82601,46,-5.93292812329342,11.9960024578088,9.63186546087037,13.3829634641926,26.3965073143751
"(500,1e+03]",A tropical,lapse rate -5 K/km,99781,55,-8.69169033041938,15.5537045681543,11.466288596918,17.8174972034051,40.0965448986019
"(500,1e+03]",C temperate,lapse rate -5 K/km,189308,77,-3.882347331806,9.42078261917628,7.29591921174096,10.1893947790117,21.6848762741917
"(500,1e+03]",E polar,lapse rate -5 K/km,46214,37,-2.43545472487439,19.1541288070308,12.5896267985376,19.3083424993767,39.5991020257809
"(500,1e+03]",D continental,lapse rate -5 K/km,178554,84,-6.45378090572564,12.5027450604703,9.81170737834806,14.0701784646195,28.7176147006589
"(1e+03,1.5e+03]",B arid,lapse rate -5 K/km,69363,50,-7.73198601178857,18.7021479833985,15.3847742198367,20.2374392372018,40.5263524277482
"(1e+03,1.5e+03]",A tropical,lapse rate -5 K/km,76029,50,-11.6155555931778,16.3521173233051,14.6920484763778,20.0577384740493,41.0703506687477
"(1e+03,1.5e+03]",C temperate,lapse rate -5 K/km,159505,77,-5.5130806144567,15.2812199020536,11.9250785209357,16.2452989986765,33.8423026390548
"(1e+03,1.5e+03]",E polar,lapse rate -5 K/km,58078,37,-7.49450926376761,23.5460310837042,17.3567506918676,24.7099827782106,53.2141683461349
"(1e+03,1.5e+03]",D continental,lapse rate -5 K/km,172613,86,-13.0093048356289,22.2358695075032,18.5779837246228,25.7619080244671,54.5001830147723
"(1.5e+03,2e+03]",B arid,lapse rate -5 K/km,71424,48,-10.8991710748939,27.8464707033574,23.5633937461679,29.9034757303026,56.2889464166885
"(1.5e+03,2e+03]",A tropical,lapse rate -5 K/km,79732,40,-12.7995861632336,16.7402365954002,14.5049612026029,21.0728481041385,36.7697441581587
"(1.5e+03,2e+03]",C temperate,lapse rate -5 K/km,141352,75,-9.68970064212053,25.0004458813394,19.5985911914624,26.812545436785,52.9446372621594
"(1.5e+03,2e+03]",E polar,lapse rate -5 K/km,19213,34,-40.7089429166811,57.7602527243946,47.7277868957415,70.6644523659566,166.213285112225
"(1.5e+03,2e+03]",D continental,lapse rate -5 K/km,94535,85,-9.22809873608216,36.4112545955879,26.8085915496933,37.5624449085474,83.7494013731111
"(2e+03,3e+03]",B arid,lapse rate -5 K/km,132179,44,-5.51724696470526,43.4216258809538,35.0790071907896,43.7707391783033,82.888106683389
"(2e+03,3e+03]",A tropical,lapse rate -5 K/km,137643,44,-15.1698134736682,19.2170208426632,18.2152621088206,24.4829967711031,49.6491108473834
"(2e+03,3e+03]",C temperate,lapse rate -5 K/km,269133,78,-7.53867106956641,37.1316354974363,26.9837824139864,37.8891794079723,71.5834781420628
"(2e+03,3e+03]",E polar,lapse rate -5 K/km,71841,37,-26.6613273222313,51.6577102306491,41.4593756669891,58.1321374186142,124.714094166788
"(2e+03,3e+03]",D continental,lapse rate -5 K/km,267579,85,-24.6325844125499,56.4778658353011,44.2852437825585,61.6158546492072,132.53931378744
"(3e+03,4e+03]",B arid,lapse rate -5 K/km,124597,45,-0.987849863841457,67.8971270636374,54.6169715492057,67.904312903152,128.851035663187
"(3e+03,4e+03]",A tropical,lapse rate -5 K/km,161021,46,-14.2170906584138,22.8094927285806,19.7645246727276,26.8774743107448,52.7912258390341
"(3e+03,4e+03]",C temperate,lapse rate -5 K/km,264021,74,-20.2443375435907,69.395482534824,44.3088943711643,72.2880778470348,135.116960636027
"(3e+03,4e+03]",E polar,lapse rate -5 K/km,34898,34,-65.5675390690922,95.1599223193771,81.4551980799565,115.561728073822,279.818598453825
"(3e+03,4e+03]",D continental,lapse rate -5 K/km,177936,86,-17.6448353051641,62.8181642542432,50.5731620778668,65.2492296752979,127.15870626794
"(4e+03,5e+03]",B arid,lapse rate -5 K/km,129746,47,30.0885608049418,97.3658687056293,82.9781327000427,101.908948969725,186.260904757133
"(4e+03,5e+03]",A tropical,lapse rate -5 K/km,125464,30,-7.14266773377853,25.9168514445804,20.5480997554555,26.8830967553168,53.8785742001663
"(4e+03,5e+03]",C temperate,lapse rate -5 K/km,226965,76,-5.4739647583106,73.7918864324958,55.1731484379215,73.9946403021304,151.869130757006
"(4e+03,5e+03]",E polar,lapse rate -5 K/km,35825,35,-33.9033319375333,95.6606457631336,77.3572947740957,101.490861974298,207.820785097659
"(4e+03,5e+03]",D continental,lapse rate -5 K/km,181033,86,-33.6867284750663,122.557565204833,91.9396228990865,127.102920754368,277.161123880989
"(5e+03,6e+03]",B arid,lapse rate -5 K/km,122821,54,37.3459399198961,115.878472840276,96.490084169965,121.747852943265,240.621944988581
"(5e+03,6e+03]",A tropical,lapse rate -5 K/km,176373,54,-7.30338112217571,37.892843974161,28.2399702550712,38.5902448847609,80.7645020931519
"(5e+03,6e+03]",C temperate,lapse rate -5 K/km,270484,83,-2.97596310873892,90.6434209152764,65.1369242452881,90.69226048373,195.647500488106
"(5e+03,6e+03]",E polar,lapse rate -5 K/km,59674,35,-57.5769740972196,109.289953004236,93.2531863634776,123.528951156638,260.23207032057
"(5e+03,6e+03]",D continental,lapse rate -5 K/km,232036,86,-31.3209372714823,127.507440340055,97.4946598599199,131.297937735661,269.36030724077
,A tropical,lapse rate -5 K/km,4,2,45.0364279949247,17.588080387936,45.0364279949247,48.3489443346443,62.7852609977901
,E polar,lapse rate -5 K/km,18,3,44.7099731794761,24.7280859336275,44.7099731794761,51.0926602913798,81.458595291827
"(-10,1]",B arid,virtual temperature,49320,55,0.000515684509456496,0.066232776729361,0.000975207947632891,0.0662347842435802,0
"(-10,1]",A tropical,virtual temperature,53242,56,0.116629297448773,2.06690258279465,0.116643474363116,2.07019049359936,0
"(-10,1]",C temperate,virtual temperature,94286,83,0.00601078813300631,0.241609840452572,0.00606693111959463,0.241684597311309,0
"(-10,1]",E polar,virtual temperature,44331,37,0.20249569754866,3.43332247430643,0.202551075858279,3.43928883929683,0
"(-10,1]",D continental,virtual temperature,116942,86,0.0066463081292116,0.286993595949876,0.00671303213327294,0.287070544514886,0
"(1,100]",B arid,virtual temperature,30195,48,-2.18534027620701,6.79404131842464,4.5605836966014,7.13685571938195,14.0108503947965
"(1,100]",A tropical,virtual temperature,36244,45,0.0464616226317823,11.1217294612093,6.02384917165776,11.1218265087489,17.4916342353933
"(1,100]",C temperate,virtual temperature,55564,74,-0.674205499979387,4.5490152225217,3.05280494891893,4.59870552992216,10.8609815480925
"(1,100]",E polar,virtual temperature,16137,35,4.87416508236212,21.318962280316,12.1340249862537,21.8690566316806,66.5761700328428
"(1,100]",D continental,virtual temperature,56515,85,-1.44972145290435,6.63423284267942,4.26468934388889,6.79078329074775,15.3234432299321
"(100,250]",B arid,virtual temperature,40510,46,-2.38718859826487,8.74357634664118,4.88754761136498,9.06359733953529,13.0869702640473
"(100,250]",A tropical,virtual temperature,23501,39,-3.97160065983396,14.626327303326,7.52960891650732,15.1559579764927,32.2983064696921
"(100,250]",C temperate,virtual temperature,66644,76,-1.278146341336,6.09318565182917,3.67456372087816,6.22579870037001,12.5940660538278
"(100,250]",E polar,virtual temperature,11672,36,-0.491852321345213,15.9085324766315,9.36956588007513,15.9161340867075,29.586667497576
"(100,250]",D continental,virtual temperature,52634,86,-1.77652539224922,7.23237108358864,4.51359078373649,7.4473642290435,15.5888603913297
"(250,500]",B arid,virtual temperature,41381,45,-2.94815175352775,8.41984698936546,6.11857453724126,8.92106619671429,15.4423323782363
"(250,500]",A tropical,virtual temperature,22177,33,-5.71817710337977,10.9289554245882,7.489908535541,12.3344888851647,23.8361146238423
"(250,500]",C temperate,virtual temperature,62009,73,-2.35371057140411,7.8011859342486,5.05369361511824,8.14852473977105,16.003768208418
"(250,500]",E polar,virtual temperature,16321,37,1.58621310934666,11.5843824766748,7.28373965487389,11.6924757598275,25.8361029016995
"(250,500]",D continental,virtual temperature,67654,85,1.73678515026703,22.2688661547435,10.0245718631102,22.3364908272556,31.5902688856431
"(500,1e+03]",B arid,virtual temperature,82601,46,-3.8456106256698,12.0858356405654,8.87800372236221,12.6829075615578,24.9343792237639
"(500,1e+03]",A tropical,virtual temperature,99781,55,-2.41847360027403,15.5795968131896,8.87891247472201,15.766193307732,34.6881577226389
"(500,1e+03]",C temperate,virtual temperature,189308,77,-0.873541443156167,9.44672164343494,6.68312346093614,9.48702400447326,19.9548899076042
"(500,1e+03]",E polar,virtual temperature,46214,37,-2.39292693965221,19.2141098619197,12.5663575414589,19.362544180051,39.8810031568075
"(500,1e+03]",D continental,virtual temperature,178554,84,-5.66729159772537,12.8119697803259,9.66074645782124,14.0094526554625,28.7198134379836
"(1e+03,1.5e+03]",B arid,virtual temperature,69363,50,-5.37071007045904,18.7673672511338,14.5087100394432,19.5207223278203,39.6413662821915
"(1e+03,1.5e+03]",A tropical,virtual temperature,76029,50,-1.46570082970977,16.4595970063177,10.5694393920731,16.5247273058467,33.8700466459413
"(1e+03,1.5e+03]",C temperate,virtual temperature,159505,77,-2.60586480249803,15.1752200702805,11.213650099907,15.3973320919677,31.747145582482
"(1e+03,1.5e+03]",E polar,virtual temperature,58078,37,-9.40759023874495,24.0887345158769,18.1412867703067,25.860585543961,55.8179011491942
"(1e+03,1.5e+03]",D continental,virtual temperature,172613,86,-13.6913028493501,23.0088247947219,19.1171058856408,26.7742001215151,57.3183288474004
"(1.5e+03,2e+03]",B arid,virtual temperature,71424,48,-11.5321403639598,28.5956717323705,23.8834349928822,30.8334672588022,59.9602321249727
"(1.5e+03,2e+03]",A tropical,virtual temperature,79732,40,-2.58071272437462,16.6123076177512,10.0945727611609,16.8115687118291,29.1518920565406
"(1.5e+03,2e+03]",C temperate,virtual temperature,141352,75,-6.95168057674399,25.1180054754996,18.7779178554106,26.062234399765,51.9293467973701
"(1.5e+03,2e+03]",E polar,virtual temperature,19213,34,-46.6495320757112,59.2838858414027,51.2960679929076,75.4371126392083,174.179063264255
"(1.5e+03,2e+03]",D continental,virtual temperature,94535,85,-11.4811382794285,36.8484252233635,27.3898196778107,38.5956341784056,86.4213449334836
"(2e+03,3e+03]",B arid,virtual temperature,132179,44,-11.7918710338401,44.4042115271722,36.2979678300296,45.9432500355448,89.5371849287348
"(2e+03,3e+03]",A tropical,virtual temperature,137643,44,-6.40268492391488,19.7831984196361,14.0089130433451,20.7934921056017,44.0042780681796
"(2e+03,3e+03]",C temperate,virtual temperature,269133,78,-11.3061087885515,37.1268566700121,26.8902975509561,38.8101994601153,76.7458702352799
"(2e+03,3e+03]",E polar,virtual temperature,71841,37,-41.3955502448749,53.1888778769225,48.7755165530921,67.3991714331973,142.642297418832
"(2e+03,3e+03]",D continental,virtual temperature,267579,85,-35.6803145772674,58.9787522500993,49.4030058101206,68.9316912987975,149.712393149542
"(3e+03,4e+03]",B arid,virtual temperature,124597,45,-15.0264240150942,67.3976036559313,55.0596742157494,69.0523743056181,128.247941185828
"(3e+03,4e+03]",A tropical,virtual temperature,161021,46,-5.57667157243084,22.5069265775261,15.7786476308642,23.1875184052306,47.8786238356827
"(3e+03,4e+03]",C temperate,virtual temperature,264021,74,-27.9751973845356,68.6883510342442,45.6428945406102,74.1667124558286,144.377237846261
"(3e+03,4e+03]",E polar,virtual temperature,34898,34,-92.1813300395448,96.5276021559555,98.0430581771701,133.472752222466,310.565437482188
"(3e+03,4e+03]",D continental,virtual temperature,177936,86,-36.1714795091946,64.3001988987732,56.2399024571437,73.7759548112193,150.007381170627
"(4e+03,5e+03]",B arid,virtual temperature,129746,47,-7.30075854754537,98.7141108117753,79.8386422585043,98.9837196145356,179.361812937779
"(4e+03,5e+03]",A tropical,virtual temperature,125464,30,-16.3785254486572,26.230760348951,23.4820219281563,30.9242442810968,63.5056112990162
"(4e+03,5e+03]",C temperate,virtual temperature,226965,76,-31.7260161754709,74.2367416656862,61.2095390249397,80.731864313314,160.214008967603
"(4e+03,5e+03]",E polar,virtual temperature,35825,35,-89.762856909858,96.6815149724294,100.770684279564,131.926819934314,270.660924699877
"(4e+03,5e+03]",D continental,virtual temperature,181033,86,-78.3640096101418,127.757579786263,106.97403129503,149.876339677169,334.591350636917
"(5e+03,6e+03]",B arid,virtual temperature,122821,54,-18.0581824115859,116.42548740111,93.212223746459,117.81762206307,220.627822532156
"(5e+03,6e+03]",A tropical,virtual temperature,176373,54,-29.7435123156394,39.3938684633619,38.0289362870011,49.3614565970054,94.9351899303576
"(5e+03,6e+03]",C temperate,virtual temperature,270484,83,-51.5062483916174,90.6790377821967,76.8185677159475,104.286056193927,223.079968053926
"(5e+03,6e+03]",E polar,virtual temperature,59674,35,-124.93190329146,110.622866966628,132.952957197707,166.869407489613,331.776345420949
"(5e+03,6e+03]",D continental,virtual temperature,232036,86,-93.6450460836469,131.305511794171,120.69673835822,161.277810263977,339.839205147741
,A tropical,virtual temperature,4,2,45.424147145033,17.7717920695836,45.424147145033,48.7769385798055,63.3287494518495
,E polar,virtual temperature,18,3,44.7642045327551,24.7862769387377,44.7642045327551,51.1682863884861,81.6604360833605
"(-10,1]",B arid,virtual temperature + lapse -5 K/km,49320,55,0.000515572018633666,0.0662493764449672,0.000975392831667907,0.066251382580698,0
"(-10,1]",A tropical,virtual temperature + lapse -5 K/km,53242,56,0.116613356943638,2.06687578988311,0.116627579773192,2.07016284524267,0
"(-10,1]",C temperate,virtual temperature + lapse -5 K/km,94286,83,0.00601030581478389,0.241590898222676,0.006066462087646,0.241665648945,0
"(-10,1]",E polar,virtual temperature + lapse -5 K/km,44331,37,0.202374402072251,3.43090195063458,0.202429862035796,3.43686537319741,0
"(-10,1]",D continental,virtual temperature + lapse -5 K/km,116942,86,0.00664515539526784,0.286949177878606,0.0067118798697287,0.287026111661255,0
"(1,100]",B arid,virtual temperature + lapse -5 K/km,30195,48,-2.20783343121499,6.79493776962562,4.56597899454751,7.14462789465458,14.0109062041963
"(1,100]",A tropical,virtual temperature + lapse -5 K/km,36244,45,0.0497347973965588,11.121158079099,6.02092319607575,11.1212692877379,17.4873982561646
"(1,100]",C temperate,virtual temperature + lapse -5 K/km,55564,74,-0.682256817365389,4.562071447073,3.0575289712802,4.61280503089394,10.9276171946824
"(1,100]",E polar,virtual temperature + lapse -5 K/km,16137,35,4.86540398993119,21.3076125415071,12.1348164425283,21.8560405427018,66.4925039834734
"(1,100]",D continental,virtual temperature + lapse -5 K/km,56515,85,-1.46125757977089,6.6320197621049,4.26446111915232,6.79109415627477,15.3214498770039
"(100,250]",B arid,virtual temperature + lapse -5 K/km,40510,46,-2.38362926033438,8.74074287137194,4.88531708327936,9.05992684264967,13.0229527097006
"(100,250]",A tropical,virtual temperature + lapse -5 K/km,23501,39,-3.9212582595751,14.6296274434359,7.52974293231685,15.1460313439533,32.2598476508634
"(100,250]",C temperate,virtual temperature + lapse -5 K/km,66644,76,-1.25868391816704,6.1004123565883,3.68039401924703,6.22890970606154,12.551137749221
"(100,250]",E polar,virtual temperature + lapse -5 K/km,11672,36,-0.46161551532911,15.9011021318624,9.36724945352252,15.9078011645831,29.5705055302467
"(100,250]",D continental,virtual temperature + lapse -5 K/km,52634,86,-1.82208840232586,7.20375897584274,4.49831702367311,7.43062241860848,15.4476746607743
"(250,500]",B arid,virtual temperature + lapse -5 K/km,41381,45,-2.63383790492586,8.45011919093684,6.08255458995372,8.85107995955664,15.1886726947994
"(250,500]",A tropical,virtual temperature + lapse -5 K/km,22177,33,-5.27005272276368,10.9581904670546,7.36901864424484,12.1595803386859,23.4226699873702
"(250,500]",C temperate,virtual temperature + lapse -5 K/km,62009,73,-2.13516827634234,7.85096780617552,5.07553710485492,8.13613170136185,15.8963264684201
"(250,500]",E polar,virtual temperature + lapse -5 K/km,16321,37,1.83074530571515,11.5271129542069,7.27405806199338,11.671587785449,25.5755416443856
"(250,500]",D continental,virtual temperature + lapse -5 K/km,67654,85,2.01639662017035,22.1987389388386,9.94333982538521,22.2901293357518,30.9593694787198
"(500,1e+03]",B arid,virtual temperature + lapse -5 K/km,82601,46,-2.69536235650626,12.0695262823734,8.67918720990624,12.3668283287904,24.0399072448116
"(500,1e+03]",A tropical,virtual temperature + lapse -5 K/km,99781,55,-1.04976720241076,15.5733040824299,8.95466347373327,15.6086454000046,33.6368949928037
"(500,1e+03]",C temperate,virtual temperature + lapse -5 K/km,189308,77,0.417348301949833,9.45234370409986,6.85193221114013,9.46155278511815,19.2284488008198
"(500,1e+03]",E polar,virtual temperature + lapse -5 K/km,46214,37,-1.28074985612069,19.1468917525194,12.3864718155767,19.1896791004084,38.8237703866804
"(500,1e+03]",D continental,virtual temperature + lapse -5 K/km,178554,84,-4.65597863879037,12.7529392978116,9.37748479433551,13.5762880721703,27.6730329407673
"(1e+03,1.5e+03]",B arid,virtual temperature + lapse -5 K/km,69363,50,-1.6710132181854,18.7944467492913,14.3705158148702,18.8685853679416,36.132551859621
"(1e+03,1.5e+03]",A tropical,virtual temperature + lapse -5 K/km,76029,50,3.03581368132659,16.6186738417337,11.4187870801617,16.8936818060973,31.7004659066507
"(1e+03,1.5e+03]",C temperate,virtual temperature + lapse -5 K/km,159505,77,1.80381551997733,15.35743967775,11.9562040862066,15.4630108286142,29.6533316028451
"(1e+03,1.5e+03]",E polar,virtual temperature + lapse -5 K/km,58078,37,-5.54395972282907,23.7434715574937,17.0803744418158,24.3821231850277,52.2756411168463
"(1e+03,1.5e+03]",D continental,virtual temperature + lapse -5 K/km,172613,86,-9.59150634101152,22.9831787649866,17.8913702853517,24.9042867802526,53.2676106493782
"(1.5e+03,2e+03]",B arid,virtual temperature + lapse -5 K/km,71424,48,-5.22621510788652,28.6297268167224,22.5143079186421,29.1028277312375,54.280921314376
"(1.5e+03,2e+03]",A tropical,virtual temperature + lapse -5 K/km,79732,40,4.19984847497884,16.6911466174503,11.9447332532419,17.2114236081161,28.7959096368297
"(1.5e+03,2e+03]",C temperate,virtual temperature + lapse -5 K/km,141352,75,-0.197162012077879,25.2569682229821,19.1381612364874,25.2577377584719,47.5405650955004
"(1.5e+03,2e+03]",E polar,virtual temperature + lapse -5 K/km,19213,34,-38.5278084652214,58.8861774792318,47.2484097349869,70.3702630608217,166.202467433904
"(1.5e+03,2e+03]",D continental,virtual temperature + lapse -5 K/km,94535,85,-4.12767197116763,36.9581772482733,26.5264285916597,37.187962318691,83.7564356730035
"(2e+03,3e+03]",B arid,virtual temperature + lapse -5 K/km,132179,44,4.96849407039483,44.6368742112377,36.2562156420628,44.9125424873436,83.9554891644186
"(2e+03,3e+03]",A tropical,virtual temperature + lapse -5 K/km,137643,44,10.7922212338865,19.6127634027479,18.2573163000436,22.3859895348324,40.4751072133496
"(2e+03,3e+03]",C temperate,virtual temperature + lapse -5 K/km,269133,78,6.39363222985116,37.606504033543,28.4278346216253,38.1461358294043,70.6530574618066
"(2e+03,3e+03]",E polar,virtual temperature + lapse -5 K/km,71841,37,-22.6826570595091,52.6414792339325,40.7832943993953,57.3204000964375,123.580357141396
"(2e+03,3e+03]",D continental,virtual temperature + lapse -5 K/km,267579,85,-17.6260691470039,58.7485782279737,44.2258250425703,61.3357461630943,131.458694960803
"(3e+03,4e+03]",B arid,virtual temperature + lapse -5 K/km,124597,45,14.4457671213055,68.5831881862932,55.2668988618077,70.0880438414389,137.004832599743
"(3e+03,4e+03]",A tropical,virtual temperature + lapse -5 K/km,161021,46,20.6016608046883,23.0497374250187,25.9254199127184,30.9147023804819,54.0515547839047
"(3e+03,4e+03]",C temperate,virtual temperature + lapse -5 K/km,264021,74,-0.0693130408446688,69.4844922090256,45.0132627754892,69.4845267800223,136.927366320795
"(3e+03,4e+03]",E polar,virtual temperature + lapse -5 K/km,34898,34,-60.1286811628895,97.1058076120251,79.3523228009994,114.214693320838,279.771839785563
"(3e+03,4e+03]",D continental,virtual temperature + lapse -5 K/km,177936,86,-5.52035718156307,64.7447282826598,50.3404712753307,64.9796443804323,126.281404319912
"(4e+03,5e+03]",B arid,virtual temperature + lapse -5 K/km,129746,47,44.0734751965891,99.6776380115057,89.058799219246,108.986708985345,198.659405091463
"(4e+03,5e+03]",A tropical,virtual temperature + lapse -5 K/km,125464,30,39.6230077260782,25.7628291014629,41.2791898744699,47.2621000863811,83.7976748348218
"(4e+03,5e+03]",C temperate,virtual temperature + lapse -5 K/km,226965,76,20.1594235964345,74.5189634762735,58.8750747115703,77.1976572009706,159.800242880659
"(4e+03,5e+03]",E polar,virtual temperature + lapse -5 K/km,35825,35,-28.4168382010017,96.9004972654449,77.0698081572783,100.981300564175,206.077158835296
"(4e+03,5e+03]",D continental,virtual temperature + lapse -5 K/km,181033,86,-22.1103038622671,126.971413848338,94.7058782693024,128.88213790719,276.309702217526
"(5e+03,6e+03]",B arid,virtual temperature + lapse -5 K/km,122821,54,62.3873445945021,117.662540023005,107.766721591887,133.179030219542,255.415031837681
"(5e+03,6e+03]",A tropical,virtual temperature + lapse -5 K/km,176373,54,53.8164393218048,40.2894468212968,59.051253386761,67.2268448347805,117.931960263355
"(5e+03,6e+03]",C temperate,virtual temperature + lapse -5 K/km,270484,83,29.9873548355207,90.8689039475113,74.4452554083495,95.6890754195762,202.328636291978
"(5e+03,6e+03]",E polar,virtual temperature + lapse -5 K/km,59674,35,-48.0451557453729,111.466733984327,91.3087049094714,121.380269301597,257.500809371298
"(5e+03,6e+03]",D continental,virtual temperature + lapse -5 K/km,232036,86,-15.3175362041253,132.449617461163,99.9201817278884,133.332396967029,268.173520095287
,A tropical,virtual temperature + lapse -5 K/km,4,2,45.4281451061285,17.7817427038675,45.4281451061285,48.7842878534679,63.3424138982424
,E polar,virtual temperature + lapse -5 K/km,18,3,44.7420775122867,24.7585872856726,44.7420775122867,51.1355174462696,81.608905763744
