pred,obs,N
10,-5,18023
15,-5,6724
20,-5,3086
10,-25,1614
-10,-25,28741
-20,-45,19914
-60,-85,5063
-135,-155,880
25,5,4631
30,-10,347
-25,-40,16918
-55,-80,5914
-120,-150,311
5,-10,42907
15,-10,3842
20,-10,1775
20,-25,265
-20,-35,18709
-50,-75,6631
-125,-155,262
35,10,2323
55,10,130
-10,-20,37521
-15,-35,21427
-40,-60,9375
-85,-120,1106
15,0,12025
40,15,1896
60,20,267
-25,-55,16239
-55,-100,2051
25,0,2840
45,5,264
-5,-25,35843
-10,-30,28335
-30,-50,12088
-60,-90,4961
5,-15,23572
5,-25,4231
-5,-50,1144
-20,-40,16774
-45,-70,7470
-105,-140,314
10,-10,10109
35,5,1340
40,-5,124
-40,-65,8517
-90,-140,86
25,-10,806
30,-25,78
-70,-95,3810
-155,-195,39
40,10,1182
65,10,41
0,-15,61224
0,-25,18999
-20,-50,17518
-80,-115,1619
5,-5,58178
10,0,29269
-35,-70,11455
0,-20,37588
-85,-125,715
20,5,8729
50,15,561
55,20,490
-5,-20,43926
-15,-30,22529
-55,-70,9217
-140,-150,2765
20,0,5554
45,10,535
55,5,62
-105,-130,1143
35,15,3520
-60,-80,6181
-130,-150,1036
30,5,2410
-25,-45,14168
-140,-175,90
20,-20,432
-15,-25,30100
-30,-45,15090
-70,-85,7095
-150,-175,265
95,35,13
-70,-90,5067
-30,-35,27811
10,-15,5424
15,5,17958
-25,-30,31850
-15,-40,24102
-45,-75,8899
-140,-165,381
50,10,224
-45,-60,11007
-115,-110,3382
50,25,1672
70,50,1948
-45,-65,8212
-120,-125,5432
50,20,934
80,40,161
-35,-55,10471
30,15,6041
65,35,692
-55,-90,7551
55,35,2402
125,90,153
85,45,114
25,-20,213
-45,-95,532
30,0,1335
50,5,122
-135,-150,1783
-5,-30,24386
-75,-100,3217
-155,-175,520
5,-20,10268
-5,-40,4379
-100,-115,3880
-200,-220,160
30,10,3969
-35,-50,13359
-85,-95,7858
-195,-205,877
-75,-110,2380
-175,-210,36
35,-5,354
35,-20,62
-165,-175,1665
25,-5,1750
0,-5,182831
0,-10,99849
-185,-205,209
-80,-100,4066
-195,-215,176
-220,-235,214
65,45,2031
-110,-130,1858
-30,-55,12593
-55,-75,6951
-140,-160,771
-65,-95,4101
-45,-55,14971
-85,-110,2482
-95,-115,2778
-215,-235,120
-10,-35,26121
-45,-80,10348
-120,-135,2504
-245,-260,118
15,-15,2321
-55,-65,12587
-235,-250,136
45,15,1049
90,40,32
-125,-135,3658
-240,-240,1012
90,50,118
-110,-125,3140
-220,-225,925
25,10,7036
60,25,497
-40,-55,11938
-195,-225,29
-5,-15,56044
-25,-35,22866
-200,-205,1342
-80,-105,2790
-190,-215,102
-30,-40,20611
-100,-110,5986
-215,-225,567
-40,-50,16905
-100,-120,2351
-5,-35,11021
-35,-60,10259
-190,-210,193
55,30,1375
-50,-65,9989
50,35,3659
125,100,555
-95,-110,4366
-160,-170,1864
110,70,89
120,85,186
-130,-160,231
45,20,1756
140,85,3
-85,-115,1493
35,25,7604
145,110,134
-80,-95,6088
40,5,619
-50,-90,6422
110,75,206
70,40,591
-60,-75,8268
-105,-115,5439
-90,-105,4778
-170,-190,322
-155,-190,65
75,40,342
-50,-70,7550
-105,-120,3316
-200,-215,379
40,20,3132
95,70,838
40,25,4674
100,60,92
-115,-145,387
60,40,2425
150,110,59
-70,-115,1192
125,80,49
-35,-80,1764
135,100,155
-65,-90,4408
60,30,772
150,115,136
-35,-65,12539
-40,-70,10699
-5,-45,2200
115,75,98
-80,-120,1234
55,25,836
135,85,26
-25,-50,15913
-50,-80,7326
-65,-100,4576
90,65,888
-40,-80,6648
-75,-85,9333
-125,-140,2226
-15,-20,47025
-90,-100,7129
-155,-165,2085
-115,-135,1575
50,30,2661
140,100,66
85,65,1389
80,45,283
-95,-120,1726
-90,-125,760
-145,-165,733
115,80,188
-30,-60,14851
-20,-55,9227
45,30,4449
95,75,1244
-65,-75,10860
-145,-160,1445
-175,-190,684
10,-20,2888
35,0,649
-90,-110,3188
-80,-110,1905
15,-20,1187
-115,-140,894
20,-15,963
15,-25,606
-35,-45,18402
70,35,380
-175,-180,2159
70,30,183
-100,-125,1363
-100,-130,749
-140,-155,1555
55,40,3417
-35,-75,5952
105,55,28
-5,-55,689
60,15,109
-50,-85,9070
-80,-125,501
-75,-105,2527
-125,-145,1244
60,35,1405
-120,-145,749
100,70,488
-85,-100,5372
75,50,1126
-110,-140,436
125,85,71
160,125,104
-75,-90,6512
-50,-60,13757
-130,-145,1946
45,25,2961
150,125,377
-75,-95,4486
105,75,452
-135,-145,3104
-205,-205,1868
-115,-130,2759
-210,-220,622
85,55,508
-130,-140,3297
-250,-250,801
120,80,88
-105,-125,2164
-180,-215,36
170,120,6
-110,-145,277
120,90,367
-145,-170,308
80,55,964
35,20,5461
105,70,200
-155,-170,1144
-90,-115,2042
130,95,166
-155,-160,3107
80,50,551
-65,-85,5788
-70,-100,3124
180,130,2
140,105,145
-30,-70,5106
155,115,68
-10,-50,2170
120,70,28
115,85,351
-125,-150,590
130,100,305
160,115,20
150,105,20
95,55,92
155,105,13
5,0,90610
-85,-105,3752
-135,-160,416
-110,-135,967
135,105,291
105,65,96
130,85,43
-95,-105,6470
-150,-155,3277
-135,-170,117
-155,-180,228
-165,-195,92
80,30,52
30,-5,817
85,35,32
-130,-155,536
-185,-195,1100
-160,-180,416
-160,-190,103
75,25,53
-70,-120,287
100,55,46
-110,-150,133
85,60,895
-155,-150,2576
100,75,782
65,20,122
35,-10,200
85,40,71
110,80,384
10,-35,485
165,125,49
80,35,84
95,60,242
-135,-165,187
-55,-85,6029
-60,-95,5961
120,75,35
100,40,11
135,80,14
-10,-45,5612
0,-50,807
-15,-50,7230
115,55,15
-140,-170,177
-145,-180,90
25,15,10258
100,65,239
-70,-105,3198
100,50,32
-60,-105,1922
100,45,13
-40,-75,11246
145,105,57
-10,-40,14659
-30,-65,11655
-15,-70,411
-70,-110,2982
130,80,19
140,110,290
-20,-60,3337
145,100,15
-25,-60,10690
170,125,16
85,80,834
-140,-145,3891
115,90,626
95,80,1470
40,0,343
-100,-105,7404
110,85,656
80,60,1532
-125,-120,3337
100,90,1010
110,90,969
115,95,891
105,85,1075
130,115,652
60,45,3109
-90,-95,8768
90,55,221
130,110,666
-150,-150,3752
75,45,546
130,105,534
120,105,821
-145,-150,3600
80,65,2058
-25,-65,4172
-70,-75,12123
120,95,598
145,120,449
145,115,217
-80,-80,9154
125,105,746
110,50,7
70,15,42
-145,-175,176
-65,-80,7673
135,65,3
145,80,7
90,60,511
105,60,43
-100,-140,224
-100,-135,407
-110,-120,4987
-55,-95,5819
105,40,8
-40,-90,526
115,60,11
145,95,9
140,95,16
-75,-115,2119
-15,-45,17190
70,25,125
-30,-75,1549
-60,-110,427
120,60,11
50,40,4688
-80,-85,10418
-150,-170,635
-70,-80,9900
40,30,6373
-20,-65,1148
75,35,166
30,-15,177
-65,-105,4072
-105,-135,590
-45,-85,6587
-125,-160,158
15,-40,238
35,-15,88
-155,-185,125
65,25,250
-115,-115,5830
25,-30,144
-190,-205,426
-180,-200,266
-185,-210,117
-25,-70,1325
-235,-260,38
-170,-210,41
10,-30,828
-90,-130,417
-175,-195,284
45,-5,113
-160,-195,53
-220,-245,47
-35,-90,276
-220,-240,102
50,-10,39
-150,-165,1180
-80,-90,8506
-85,-85,8654
0,-30,8007
-25,-90,141
25,-15,363
-115,-150,176
-120,-130,4034
-235,-255,67
-260,-275,72
-210,-240,23
-105,-110,6714
-250,-255,473
-115,-120,5851
-270,-270,488
20,10,13033
-210,-205,1661
-95,-125,921
-130,-170,74
25,-25,139
-300,-300,254
-5,-10,95248
-120,-140,1411
-135,-175,61
55,0,40
-60,-70,11617
-170,-170,2881
-170,-205,33
5,-30,2205
-95,-140,147
-160,-185,218
0,-40,2485
5,-35,1311
-95,-130,517
30,-20,134
5,-40,870
-150,-180,156
-180,-190,1190
-205,-225,134
-190,-220,55
-175,-200,127
-170,-185,766
-45,-90,2178
-165,-155,1159
50,0,85
-120,-120,5380
-95,-135,285
65,40,1315
-170,-195,167
85,50,257
65,30,442
130,90,63
-150,-145,2656
-210,-215,1076
55,15,255
-195,-220,89
-40,-85,2073
75,20,40
-125,-130,5059
70,45,1170
-90,-135,203
135,90,27
160,120,59
-25,-80,314
65,5,34
-15,-55,2580
85,25,11
155,100,8
160,110,8
-185,-190,1877
-180,-205,130
110,65,46
140,120,562
125,95,310
-50,-100,511
120,100,809
-180,-195,611
-20,-30,25832
150,130,467
-190,-195,1703
-165,-185,404
155,125,238
150,120,267
-105,-145,160
185,145,23
85,70,1794
105,80,755
-110,-155,78
150,95,6
145,90,12
40,40,2561
-140,-140,4117
115,65,22
-115,-155,120
-145,-145,3916
130,70,6
90,35,22
-60,-100,4873
-75,-125,242
0,-45,1367
20,-35,213
75,15,21
125,75,19
110,60,40
-30,-85,288
90,45,70
125,65,10
125,60,3
110,40,6
-10,-55,1070
-5,-65,274
85,30,27
-10,-60,646
165,105,3
105,90,1170
55,45,4025
-160,-150,1172
-135,-135,4563
-90,-120,1207
95,40,34
-45,-105,176
160,95,5
40,-10,89
60,5,53
-150,-185,74
-85,-130,320
0,-35,4276
-20,-25,37963
-165,-180,911
-170,-200,88
-215,-230,249
-165,-190,152
-130,-165,134
-110,-160,55
10,-40,448
-5,0,31260
-30,-30,22139
-5,-5,107371
-50,-55,17337
-55,-55,13127
-10,-10,60787
-40,-40,17062
-90,-80,2478
-15,-15,41441
-50,-45,6524
-125,-125,5099
-45,-40,7055
-110,-105,3428
-10,-5,21217
-35,-30,8583
-70,-65,4872
-10,-15,62332
-55,-50,5994
-130,-120,1325
-40,-35,7855
-25,-20,11445
5,5,63176
-20,-20,31729
-65,-60,5104
-30,-25,9790
-90,-75,2528
-30,-10,2197
-85,-70,2500
0,0,184435
-60,-60,12133
0,10,11837
0,5,36429
10,5,40873
-25,-25,25863
30,20,8909
-35,-40,24377
30,45,1015
-45,-35,5086
5,10,15272
20,25,4328
65,55,2925
-15,-10,15998
-25,-15,6597
45,45,1944
10,15,8153
35,40,2528
-10,0,9076
60,65,1268
15,30,1713
15,10,24421
20,15,16762
30,25,9349
50,50,1492
30,30,4181
40,35,5869
50,55,1534
70,65,1481
80,75,1001
35,35,3269
50,45,3626
70,70,704
55,50,2766
5,15,5951
45,40,4577
45,35,5454
60,50,3508
75,60,2257
25,25,5712
-55,-60,15853
-55,-45,4556
-45,-50,19599
-45,-45,15555
-85,-75,2779
-100,-85,2263
-40,-45,21687
-105,-105,6566
-185,-185,2399
-35,-35,19330
-175,-170,2215
-95,-100,7986
-195,-195,2058
-75,-75,9738
-85,-80,4015
-175,-175,2691
-75,-70,4537
-80,-75,4149
-90,-85,3837
-95,-90,3788
-120,-115,3370
-140,-135,2914
-140,-130,1261
-135,-130,3039
-50,-50,14223
-110,-115,6266
-65,-65,11016
-180,-180,2555
-150,-140,1227
-200,-200,1987
-190,-200,1005
-160,-160,3330
-85,-90,9622
-100,-100,6976
-20,-15,13623
-70,-70,10520
-50,-40,4679
-75,-80,11302
15,20,5769
25,30,3572
75,75,649
40,50,1663
10,20,3832
10,10,25700
25,20,12389
65,75,1096
20,20,8761
45,55,1528
75,65,2065
75,55,1676
70,60,2468
70,55,2420
-60,-55,5609
-65,-70,13424
-195,-190,1917
-110,-85,1094
-210,-210,1603
-100,-95,3697
-235,-215,236
-110,-110,6375
-160,-165,2890
-60,-65,14475
-105,-90,2021
-40,-30,5286
-150,-160,2269
-95,-95,7431
-130,-130,4806
-165,-160,2419
-130,-135,4578
-115,-125,4455
-90,-90,8145
-115,-105,1570
-155,-155,3488
-165,-170,2627
-190,-190,2197
-175,-185,1297
-185,-180,2072
-130,-125,3154
-195,-210,419
-225,-225,1258
-210,-225,280
-170,-160,1171
-135,-140,4120
-145,-155,2527
-215,-220,977
-180,-185,2026
-230,-230,1201
-220,-230,457
-160,-175,980
-170,-175,2404
-195,-185,1083
-145,-140,2760
-205,-200,1782
-215,-215,1503
-125,-110,1210
-230,-225,1362
-110,-100,1620
-125,-70,88
-285,-140,1
-170,-180,1536
-175,-160,590
-180,-175,2116
-200,-195,1874
-235,-235,1064
-30,-20,5970
-75,-55,2105
-20,-10,7265
45,50,1742
40,55,823
35,30,7456
60,55,2222
15,15,13713
65,50,2873
0,20,2705
5,20,2866
30,35,2994
25,40,1203
-5,5,10655
60,60,1033
-25,-5,2190
-20,5,1154
-160,-140,719
-95,-85,2168
-165,-165,3109
-45,-30,3402
-135,-125,1293
-100,-90,1964
-105,-100,3539
-185,-175,1090
-65,-50,3096
-35,-25,5551
-80,-65,2690
-25,-10,3982
25,35,2081
-15,-5,7837
-70,-55,3042
0,15,5118
-50,-95,2158
-65,-110,1558
-75,-120,867
-85,-135,134
-55,-105,455
-65,-115,351
-80,-130,201
-50,-110,139
-35,-85,543
-15,-60,998
-5,15,2590
-90,-70,1844
-40,-25,3397
-95,-75,1763
-160,-155,2497
-120,-100,1394
-110,-95,1707
-60,-45,3152
-70,-60,3808
-125,-115,1373
-115,-100,1524
-165,-145,700
-255,-245,867
-285,-265,147
-205,-185,353
-105,-95,1781
-110,-90,1522
-175,-150,603
-200,-180,372
-130,-115,1195
-215,-180,205
-210,-185,345
-240,-245,566
-100,-80,1670
-75,-35,260
-225,-150,19
-195,-170,472
-180,-170,1139
-240,-220,222
-235,-230,1292
-280,-265,479
-240,-230,976
-135,-110,858
-185,-170,550
-155,-145,1237
-140,-120,1086
-260,-245,470
-145,-135,1230
-190,-175,522
-245,-225,188
-255,-235,201
-275,-250,136
-75,-65,3461
-160,-145,686
-260,-235,147
-285,-260,106
-295,-270,100
-325,-295,69
-345,-315,52
-170,-155,599
-210,-195,444
-230,-210,290
-270,-250,181
-310,-285,95
-315,-290,69
-320,-295,67
-355,-320,26
-290,-275,470
-145,-125,954
-315,-280,57
-185,-160,501
-265,-255,841
-310,-310,198
-225,-210,352
-310,-305,381
-50,-35,3403
-140,-110,481
-60,-50,4273
-140,-125,927
-145,-130,823
-225,-200,254
-245,-220,211
-250,-225,205
-330,-310,232
-250,-240,895
-305,-275,86
-55,-40,3284
-210,-190,329
-315,-310,366
-30,-15,3675
-205,-210,1298
-120,-105,1442
-305,-300,434
-255,-265,178
-345,-330,337
-320,-300,192
-340,-305,40
-245,-215,230
-215,-195,295
-205,-190,426
-275,-270,783
-150,-130,861
-55,-35,2006
-175,-155,548
-65,-30,501
-195,-145,74
-270,-255,514
-245,-235,967
-305,-315,44
-300,-255,37
-85,-65,1810
-260,-225,156
-300,-290,582
-290,-280,682
-330,-330,106
-330,-295,50
-335,-305,82
-375,-345,30
-305,-270,84
-50,-30,2172
-200,-165,239
-280,-280,387
-300,-270,88
-190,-160,375
-40,-10,630
-140,-105,303
-85,-50,402
-275,-230,57
-300,-280,170
-75,-40,421
-195,-120,27
-200,-175,416
-200,-185,460
-45,-20,1134
-170,-135,249
-155,-125,471
-45,-25,2134
-155,-130,788
-115,-80,436
-90,-65,1173
-35,-15,2141
-150,-115,282
-35,-20,3491
-30,0,599
10,25,2100
-60,-40,2061
-15,0,4342
-10,15,1204
-55,-15,282
-100,-70,661
-40,-15,1140
-135,-100,361
-20,-5,4083
-65,-45,2029
-70,-45,1152
-10,5,4467
-90,-60,629
-10,10,2361
35,45,1862
5,25,1507
55,60,1364
-15,5,2254
-75,-45,655
20,30,2516
-75,-50,1145
-115,-95,1476
-40,-20,2096
-105,-75,722
-125,-100,912
-80,-70,3182
-205,-160,111
-130,-100,497
-225,-205,293
-50,-25,1177
-190,-145,117
-220,-205,406
-55,-30,1200
-210,-175,197
-120,-110,1433
-150,-135,804
-215,-200,407
-240,-215,216
-180,-165,521
-220,-200,300
-255,-250,1046
-240,-190,56
-145,-120,852
-65,-55,3916
-140,-115,796
-200,-140,41
-280,-260,170
-215,-175,117
-160,-135,741
-240,-235,1223
-20,0,2277
-315,-300,421
-335,-330,211
-310,-290,172
-275,-260,458
-215,-185,306
-80,-45,428
-275,-225,50
-300,-305,119
-290,-255,117
-75,-60,2826
-170,-150,651
-270,-265,844
-220,-215,1506
-40,-5,390
-125,-55,27
-355,-335,217
-365,-340,85
-80,-60,1938
-235,-205,246
-105,-85,1635
-355,-315,25
-295,-245,41
-245,-210,167
-190,-155,253
-260,-250,827
-325,-305,211
-260,-255,987
-265,-250,475
-190,-170,452
-285,-255,117
-70,-50,2098
-280,-235,60
-330,-315,370
-285,-280,640
-210,-180,331
-265,-245,173
-230,-190,122
-290,-265,111
-315,-295,192
-165,-140,648
-170,-140,441
-200,-170,349
-100,-65,409
-160,-130,434
-150,-120,473
-155,-135,785
-180,-160,501
-95,-80,2336
-15,10,1126
-70,-40,706
-65,-40,1147
-5,20,1523
-30,15,202
-115,-50,24
-35,-10,1033
-5,10,4846
10,35,497
35,50,861
15,25,2906
55,70,663
30,50,616
-25,0,1161
55,75,232
30,40,1942
70,85,436
40,45,2119
35,60,349
-135,-115,1196
15,55,131
-115,-90,1045
-90,-55,419
-125,-105,1315
-185,-165,471
-190,-165,439
-130,-110,1225
-130,-105,850
-60,-25,462
15,50,167
-170,-130,178
-205,-195,1092
-90,-50,331
-135,-120,987
-205,-175,346
-205,-180,367
-225,-195,277
-125,-95,563
-95,-65,670
-275,-245,122
-135,-105,568
-150,-125,833
-25,5,617
10,30,1035
-65,-35,724
-155,-140,763
75,90,416
45,60,728
70,90,150
20,40,814
100,100,374
85,95,858
20,45,379
60,70,1218
90,105,303
20,35,1451
85,100,314
100,120,43
70,80,988
55,80,252
75,95,143
65,85,186
110,110,351
70,75,1019
55,65,1371
-120,-95,953
15,40,434
110,115,591
-95,-70,1103
45,65,396
-10,20,765
-60,-20,281
-5,35,332
-165,-135,421
-165,-150,656
0,30,855
0,25,1553
-175,-165,1114
-170,-165,2281
-195,-165,357
-60,-30,706
-280,-250,117
-175,-145,430
-80,-55,1176
-195,-180,469
-105,-65,284
5,30,846
-120,-85,413
50,60,1456
-185,-155,424
-30,-5,1137
-225,-190,206
-85,-45,285
-195,-175,421
-105,-80,1057
55,55,1144
30,55,346
60,95,130
35,55,530
90,95,735
-120,-155,164
-10,-65,398
15,-30,383
-135,-190,16
-195,-200,1469
-215,-210,1544
35,-45,8
15,-55,34
60,0,26
45,-10,66
-25,-85,230
70,5,15
-60,-115,188
-30,-90,194
-105,-150,99
-265,-270,289
-205,-220,276
-185,-200,496
-235,-240,646
-290,-290,347
-245,-250,482
-25,-75,550
50,-5,59
-5,50,98
-10,40,112
-20,20,388
0,60,92
0,50,185
0,35,455
5,55,206
5,50,236
0,55,184
5,35,501
5,40,343
0,45,257
-5,25,883
5,60,146
10,50,177
-5,55,60
-5,45,139
-15,20,489
5,45,271
10,40,313
-5,30,533
-45,-10,409
0,40,385
-25,15,350
5,-45,575
0,-55,483
10,45,228
15,65,59
5,65,72
10,55,140
-15,15,660
15,45,256
-25,10,378
-20,15,479
10,60,115
-35,-5,589
15,60,106
-70,-30,283
-60,-15,241
10,65,57
-65,-15,132
-65,-25,328
-5,40,197
-70,-35,453
-10,35,182
-55,-25,748
-60,-35,1213
-10,30,319
-70,-25,183
-15,25,396
-95,-50,207
-55,-20,448
0,65,85
-15,45,66
-80,-40,262
10,70,37
-15,35,141
-110,-70,332
-20,25,225
-100,-45,79
20,60,124
-15,30,288
-45,-15,614
25,55,222
-55,-10,189
20,55,198
-35,0,363
-50,5,99
-10,50,64
-20,30,153
-45,10,105
-30,-80,554
-45,-100,211
-20,-70,589
-40,-95,304
45,-15,43
-95,-145,70
-20,-75,368
-70,-125,149
-250,-245,1109
-280,-275,706
-100,-145,114
-125,-90,375
15,-35,305
-235,-225,939
-235,-245,322
-225,-220,1392
-190,-185,2005
-305,-295,578
-310,-300,497
-145,-115,478
-80,-50,598
-230,-240,358
-225,-240,166
-215,-240,56
-115,-85,595
100,80,1162
90,80,1325
100,85,1282
75,70,1220
105,115,567
90,70,1340
115,110,263
135,120,537
135,125,213
125,115,391
100,95,492
145,130,385
135,115,660
90,100,749
65,60,1797
-245,-245,884
-265,-265,584
-225,-215,1021
-215,-205,1091
-285,-270,510
-270,-260,791
-310,-295,417
-335,-320,344
-360,-340,235
-320,-305,368
-325,-310,415
-190,-180,1120
-285,-275,686
-340,-325,352
-220,-220,1385
90,75,1646
65,65,897
100,105,671
75,80,940
-220,-210,1084
-230,-220,1020
-200,-190,1142
90,90,432
15,35,857
80,80,583
110,105,323
140,130,195
125,110,745
100,110,643
160,140,331
120,110,456
140,115,456
115,100,922
95,90,554
65,70,1176
110,100,719
115,115,310
110,95,1053
115,105,610
60,75,578
-225,-230,771
80,95,366
130,120,317
95,65,462
125,70,10
85,75,1592
90,85,628
80,85,879
25,-35,88
-205,-215,688
-30,-95,130
135,95,64
-120,-160,90
60,10,66
80,70,1791
105,95,860
115,70,47
95,50,51
-5,-70,150
-5,-60,493
30,-30,59
-180,-210,53
-225,-245,90
-15,-65,604
25,45,693
45,0,176
95,85,1187
20,-30,234
-175,-205,64
-100,-75,1079
-180,-155,537
-250,-235,416
-305,-290,445
-270,-245,141
-255,-220,166
-250,-230,193
-235,-210,201
-215,-190,294
-260,-230,147
-255,-230,193
-295,-275,180
-175,-140,280
-170,-145,653
-170,-120,105
-240,-205,173
-220,-195,253
-130,-95,392
-105,-70,432
-230,-215,397
-85,-60,1121
-150,-105,180
-160,-125,271
-225,-185,133
-180,-140,156
-325,-320,280
-345,-340,156
-355,-345,249
-360,-350,244
-260,-270,181
140,90,12
170,135,86
160,130,198
75,30,105
95,45,37
65,15,60
180,145,84
185,155,130
110,55,15
-55,-110,217
175,135,24
130,75,8
-210,-230,121
-245,-270,39
-75,-145,46
-230,-235,690
80,100,122
-230,-245,156
-205,-230,63
80,90,893
-165,-200,38
-185,-215,61
-250,-265,87
85,85,522
-200,-210,750
-245,-230,453
-250,-260,213
40,-25,28
155,110,15
-85,-55,677
-145,-110,286
-295,-285,589
-335,-325,419
-245,-240,1222
-275,-265,749
-255,-255,719
-260,-260,629
-320,-310,426
-275,-275,422
-295,-290,552
-320,-315,306
-330,-320,416
-380,-370,148
-315,-305,511
-330,-325,226
-375,-365,180
-385,-375,140
-435,-420,76
-345,-335,332
-265,-260,905
-290,-285,567
-325,-315,420
-260,-265,343
-350,-335,266
-370,-355,239
-300,-295,528
-365,-355,198
-380,-365,258
-420,-405,112
-395,-380,179
-415,-395,116
-505,-485,38
-400,-385,167
-405,-390,155
-410,-395,135
-440,-425,75
-455,-435,63
-350,-340,298
-385,-370,198
-450,-435,63
-460,-440,67
-340,-330,325
-580,-555,11
-625,-595,6
-430,-410,89
-445,-430,61
-455,-440,46
-460,-445,46
-470,-455,38
-355,-340,306
-415,-400,118
-375,-360,184
-445,-425,61
-465,-445,47
-520,-495,29
-565,-540,9
-395,-385,114
-285,-285,352
-390,-375,187
-450,-430,73
-535,-510,23
-545,-520,19
-425,-410,102
-465,-450,47
-430,-415,96
-500,-480,41
-515,-490,27
-480,-460,62
-485,-465,39
-540,-515,20
-595,-570,5
-475,-460,32
-510,-490,30
-530,-505,22
-545,-525,17
-280,-270,716
-370,-360,194
-390,-380,124
-410,-400,63
-470,-450,54
-500,-475,40
-340,-335,195
-420,-410,59
-530,-510,22
-405,-395,74
-480,-465,25
-495,-475,30
-550,-530,12
-400,-390,103
-365,-350,279
-495,-470,41
-350,-345,138
-360,-355,89
-535,-515,8
-555,-530,22
-425,-405,108
-420,-400,114
-440,-420,77
-525,-500,32
-400,-380,162
-555,-525,11
-570,-540,19
-585,-555,15
-605,-570,11
-645,-610,5
-525,-505,21
-550,-525,24
-365,-360,84
-515,-495,26
-485,-460,32
-520,-500,20
-20,10,689
-50,-5,181
-85,-25,52
-30,10,298
-65,-10,85
-20,35,80
-25,20,244
-50,10,63
-10,25,512
-105,-55,136
-40,0,294
-70,-15,72
-95,-40,93
-30,30,72
-140,-75,54
-70,-10,61
-25,30,81
-90,-40,147
-20,40,51
-15,40,80
-35,25,79
-55,-5,147
-45,15,57
-35,5,271
-60,5,49
-35,10,197
-140,-90,128
-45,0,192
-40,5,184
-70,-5,40
-55,15,55
-135,-75,82
-70,-20,125
-115,-45,22
-35,15,128
-50,-10,296
-105,-50,70
-40,20,66
-115,-60,99
-60,-5,96
-50,0,140
-160,-105,79
-155,-95,54
-165,-115,100
-140,-80,86
-200,-145,68
-210,-155,62
-130,-70,69
-65,-20,176
-145,-95,117
-165,-105,46
-50,-15,495
-145,-100,190
-100,-40,37
-65,5,49
-40,10,123
-80,-35,177
-55,10,43
-75,-20,73
-30,20,139
-35,20,83
-190,-135,58
-90,-45,223
-95,-25,32
-100,-30,25
-130,-75,113
-40,25,47
-45,-5,271
-105,-45,45
-65,0,38
-180,-120,45
-130,-85,174
-300,-235,27
-210,-150,44
-135,-70,54
-140,-85,97
-95,-30,29
-205,-155,66
-100,-50,113
-150,-85,47
-125,-65,58
-30,5,394
-55,0,93
-105,5,10
-80,10,20
-195,-150,113
-95,-60,415
-45,5,133
-155,-75,31
-25,25,134
-75,-30,169
-55,5,79
-80,-25,81
-85,-35,113
-50,20,52
-110,-60,143
-90,-20,29
-80,-30,127
-85,-30,70
-90,-35,75
-110,-50,35
-115,-55,56
-120,-60,64
-125,-60,51
-130,-65,50
-140,-70,46
-145,-75,48
-85,-40,194
-95,-45,113
-115,-65,147
-120,-65,77
-135,-80,105
-145,-85,74
-150,-90,66
-155,-90,51
-100,-55,203
-105,-60,188
-110,-65,204
-115,-70,191
-125,-80,197
-135,-90,171
-140,-95,158
-150,-100,115
-155,-105,116
-195,-140,61
-225,-165,33
-240,-180,37
-275,-210,22
-325,-255,11
-365,-290,2
-185,-130,71
-170,-110,38
-210,-145,28
-270,-210,27
-265,-205,20
-175,-115,27
-65,-5,60
-120,-75,186
-170,-115,78
-180,-125,64
-190,-130,50
-225,-160,30
-235,-165,17
-270,-200,13
-290,-215,7
-300,-225,6
-320,-240,7
-240,-175,27
-125,-75,122
-165,-100,43
-230,-160,26
-50,-20,642
-295,-220,10
-95,-20,23
-265,-200,21
-150,-95,78
-180,-130,93
-240,-185,40
-215,-145,13
-30,25,86
0,70,173
-160,-85,32
-150,-80,39
-50,15,66
-55,25,31
-120,-40,24
-80,-15,51
-95,-35,35
-220,-160,46
-150,-110,217
-95,-55,303
-115,-35,16
-200,-125,27
-250,-180,13
-160,-115,153
-350,-285,11
-115,-75,316
-250,-195,39
-265,-210,32
-100,-60,291
-155,-110,150
-330,-260,17
-175,-120,80
-230,-180,57
-285,-205,1
-325,-245,5
-285,-230,37
-160,-120,208
-330,-265,8
-140,-100,306
-355,-275,5
-205,-140,26
-165,-120,135
-175,-110,33
-75,-25,100
-250,-160,18
-105,-40,28
-175,-100,35
-185,-125,46
-85,-15,26
-160,-100,50
-90,-25,32
-80,-10,38
-185,-135,89
-100,-35,20
-160,-80,27
-80,-20,56
-40,55,26
-60,35,15
-10,70,99
-30,40,53
-235,-160,11
-195,-130,18
-135,-65,38
-40,15,85
-20,50,103
-75,-15,50
-30,35,58
-45,20,46
-145,-80,71
-25,35,61
-75,-10,45
-60,0,68
-10,45,101
-195,-135,42
-220,-165,47
-180,-115,38
-45,35,40
-110,-40,34
-35,30,46
-75,-5,37
-185,-115,20
-110,-45,33
-205,-145,39
-130,-60,29
-245,-175,18
-205,-150,58
-160,-90,48
-170,-100,20
-90,-30,38
-85,-20,39
-190,-125,17
-100,-15,20
-235,-170,28
-205,-130,17
-105,-35,25
-115,-40,25
-120,-50,33
-130,-55,26
-135,-55,15
-100,-20,33
-60,-10,129
-245,-185,20
-255,-200,41
-215,-155,59
-295,-240,31
-165,-110,76
-250,-185,21
-255,-190,14
-285,-215,10
-305,-230,8
-285,-210,9
-250,-190,29
-245,-170,10
-325,-265,16
-215,-160,52
-225,-155,18
-160,-95,45
-155,-100,64
-205,-135,14
-330,-255,7
-160,-110,102
-350,-270,1
-280,-190,4
-145,-90,67
-310,-230,4
-320,-235,5
-195,-125,10
-200,-135,21
-220,-145,17
-355,-280,3
-385,-310,5
-190,-140,74
-415,-340,9
-355,-285,7
-145,-105,261
-335,-265,7
-180,-135,107
-375,-300,6
-305,-240,16
-20,45,69
-110,-35,36
-210,-140,28
-120,-55,42
-100,-10,25
-155,-80,28
-165,-90,34
-155,-85,40
-180,-105,21
-170,-105,32
-175,-105,22
-180,-110,21
-185,-120,36
-190,-120,18
-200,-130,14
-230,-155,18
-170,-125,145
-5,60,68
-70,0,43
-80,15,17
-90,-15,24
-110,-55,81
-310,-280,78
-305,-280,89
-295,-260,115
-380,-340,25
-335,-310,63
-305,-285,200
-315,-285,71
-300,-275,98
-285,-250,92
-290,-270,137
-230,-195,201
-240,-210,217
-245,-205,84
-175,-135,180
-295,-255,71
-275,-255,155
-210,-200,1120
-235,-220,410
-240,-225,448
-320,-290,72
-360,-330,45
-345,-310,42
-255,-225,161
25,50,384
30,60,219
-275,-240,144
-265,-240,127
-235,-190,82
-345,-325,214
-355,-350,98
-300,-285,462
-255,-205,51
40,60,394
-230,-200,269
-325,-325,126
-245,-200,82
-190,-150,166
-95,-150,52
-145,-185,38
-185,-145,163
-235,-200,188
-230,-205,229
-155,-120,296
-180,-145,262
-180,-150,371
-185,-220,21
-295,-280,511
-265,-235,128
-205,-165,144
-200,-160,141
-260,-220,96
-130,-195,11
-120,-90,609
50,65,710
-110,-80,651
-235,-180,36
-285,-300,37
-305,-305,193
-315,-315,177
-180,-220,21
-390,-355,22
-155,-230,2
-225,-290,2
-225,-275,7
-170,-215,16
-260,-240,171
-300,-265,72
-165,-215,12
-295,-295,266
-255,-285,13
-215,-270,4
-290,-260,98
-330,-305,72
-310,-275,67
-285,-290,195
-95,-155,18
-340,-340,97
-380,-360,179
-295,-300,118
-165,-220,13
-225,-235,397
-255,-260,356
-120,-165,47
-280,-300,27
-245,-275,21
-205,-245,12
-195,-230,29
-190,-235,10
-360,-335,73
-430,-435,8
-190,-230,18
-185,-225,19
-210,-255,8
-245,-300,2
-255,-295,7
-220,-270,2
-275,-315,3
-110,-165,27
-155,-200,20
-100,-160,25
-115,-165,35
-190,-225,31
-65,-120,149
-370,-345,78
-350,-330,218
-190,-240,9
-270,-280,129
-320,-325,70
-285,-335,2
-255,-270,78
-385,-360,120
-425,-395,38
-235,-280,8
-220,-265,4
-200,-255,5
-125,-170,45
-350,-360,18
-340,-315,81
-85,-140,77
-245,-255,241
-125,-185,23
-105,-155,53
-200,-250,3
-280,-295,52
-205,-255,8
-180,-230,18
-285,-295,98
-310,-315,79
-115,-175,12
-130,-185,17
-80,-150,35
-175,-235,6
-160,-225,5
-45,-110,102
-120,-185,16
-145,-220,4
-255,-240,421
-95,-160,32
-360,-345,241
-115,-170,23
-115,-200,5
-140,-185,41
-25,-130,15
-100,-200,4
-205,-280,1
-130,-175,34
-90,-150,51
-180,-225,14
-125,-215,1
-95,-180,6
-100,-170,13
-120,-175,25
-105,-160,37
-275,-280,208
-125,-165,60
-130,-205,7
-115,-220,2
-105,-185,5
-130,-180,27
-95,-170,13
-135,-205,6
-105,-165,26
-240,-255,106
-220,-190,339
-205,-235,29
-150,-195,18
-240,-250,298
-100,-155,51
-245,-265,52
-305,-310,113
-365,-380,9
-270,-275,258
-415,-420,9
-280,-285,206
-125,-180,18
-85,-150,29
-345,-345,86
-220,-260,12
-175,-220,14
-195,-160,235
-205,-240,25
-20,-135,10
-155,-260,1
-10,-120,20
-140,-230,2
-210,-260,6
-75,-130,101
-200,-240,13
-190,-245,3
-75,-140,49
-215,-285,4
-80,-135,79
-60,-125,80
-170,-240,1
-110,-190,4
-295,-365,5
-115,-205,4
-300,-375,2
-110,-185,9
-280,-340,4
-100,-165,20
-260,-320,1
-280,-330,1
-85,-145,51
-260,-310,3
-90,-155,36
-85,-160,27
-275,-330,1
-100,-180,6
-300,-365,2
-65,-125,102
-195,-250,2
-160,-215,3
-50,-120,48
-195,-260,5
-70,-145,37
-235,-305,3
-45,-140,20
-185,-270,2
-230,-270,8
-95,-185,4
-305,-380,4
-105,-200,5
-315,-395,2
-250,-320,3
-110,-205,4
-305,-390,4
-255,-320,3
-185,-230,15
-235,-290,5
-105,-180,10
-305,-370,1
-75,-180,6
-270,-355,1
-100,-195,3
-70,-155,13
-245,-315,2
-325,-395,1
-340,-410,2
-70,-135,69
-220,-275,3
-60,-170,3
-240,-335,1
-80,-170,16
-235,-310,3
-70,-170,7
-255,-340,1
-60,-155,13
-235,-320,1
-65,-180,8
-250,-355,1
-90,-165,14
-290,-390,1
-65,-165,4
-250,-340,1
-320,-420,1
-110,-195,7
-105,-205,4
-310,-400,2
-80,-160,18
-255,-330,1
-90,-200,5
-300,-390,2
-245,-330,4
-345,-420,1
-120,-205,3
-105,-190,4
-315,-375,1
-85,-165,17
-260,-340,2
-100,-175,7
-300,-370,1
-100,-190,6
-95,-200,3
-85,-180,7
-95,-190,7
-285,-380,2
-90,-180,6
-280,-365,3
-90,-195,3
-290,-385,1
-300,-380,1
-35,-130,24
-185,-265,1
-25,-120,29
-160,-240,5
-80,-145,47
-230,-290,4
-30,-110,43
-140,-205,8
-30,-130,10
-165,-245,1
-55,-150,8
-225,-320,1
-85,-170,6
-75,-195,2
-285,-390,1
-315,-385,1
-155,-255,1
-115,-185,10
-285,-345,4
-140,-215,3
-325,-380,1
-120,-220,3
-305,-385,3
-275,-345,3
-80,-155,22
-225,-295,2
-235,-300,4
-265,-340,3
-100,-185,6
-95,-205,2
-295,-390,1
-80,-200,1
-270,-375,1
-80,-180,4
-260,-350,1
-50,-135,27
-195,-265,2
-50,-125,43
-210,-275,4
-40,-135,23
-180,-265,1
-270,-325,1
-90,-160,28
-340,-395,1
-275,-340,3
-325,-420,1
-75,-175,6
-260,-345,1
-235,-325,1
-60,-135,24
-280,-360,3
-330,-420,1
-315,-420,1
-345,-410,2
-100,-205,2
-295,-385,1
-255,-305,2
-210,-290,2
-45,-130,22
-35,-110,37
-205,-270,2
-35,-95,175
-180,-240,4
-60,-120,141
-215,-265,4
-20,-90,112
-140,-210,10
-265,-335,3
-70,-160,17
-225,-305,2
-270,-335,2
-55,-125,57
-205,-265,2
-70,-130,85
-45,-120,47
-205,-275,2
-55,-115,141
-200,-265,3
-60,-130,44
-30,-125,29
-175,-270,1
-35,-135,21
-205,-290,1
-65,-130,56
-85,-195,2
-260,-355,3
-265,-345,2
-240,-310,3
-65,-155,12
-245,-325,4
-245,-320,2
-70,-185,2
-255,-355,1
-105,-195,2
-115,-195,7
-335,-405,1
-55,-170,3
-225,-330,1
-280,-355,2
-245,-340,2
-40,-150,5
-195,-290,1
-90,-145,59
-230,-280,4
-290,-375,1
-200,-275,2
-225,-300,1
-215,-295,5
-230,-310,2
-325,-415,3
-330,-415,3
-140,-260,1
-120,-235,2
-110,-180,6
-295,-355,1
-260,-325,2
-110,-200,2
-255,-350,1
-300,-385,4
-290,-380,1
-90,-190,6
-275,-355,1
-235,-295,3
-90,-170,10
-75,-155,25
-70,-150,26
-225,-285,4
-255,-315,1
-270,-350,3
-255,-310,1
-230,-285,5
-245,-310,2
-80,-140,56
-240,-290,2
-230,-275,3
-225,-270,5
-195,-235,20
-165,-205,26
-210,-250,11
-225,-280,3
-75,-135,80
-240,-285,1
-140,-190,24
-225,-260,14
-200,-230,35
-265,-310,2
-260,-305,3
-275,-325,3
-125,-205,3
-85,-155,26
-70,-140,38
-80,-165,11
-95,-175,12
-305,-375,1
-310,-380,2
-305,-365,1
-305,-350,1
-230,-305,1
-95,-165,17
-295,-380,1
-300,-355,1
-315,-380,1
-90,-175,12
-75,-150,31
-60,-150,14
-80,-185,3
-260,-335,1
-290,-355,1
-60,-165,11
-230,-325,2
-75,-170,7
-240,-295,2
-65,-140,32
-245,-305,2
-50,-140,15
-210,-285,2
-35,-115,27
-170,-250,1
-270,-345,2
-55,-145,12
-320,-320,151
-335,-335,99
-325,-410,1
-75,-185,2
-275,-375,1
-325,-405,1
-55,-135,33
-240,-305,2
-20,-185,1
-230,-375,1
-75,-190,3
-270,-365,1
-65,-175,6
-265,-360,2
-85,-190,6
-275,-365,1
-50,-145,9
-240,-320,2
-60,-175,1
-240,-340,1
-330,-410,1
-75,-160,20
-20,-115,32
-145,-235,2
-40,-145,5
-200,-290,2
-215,-300,2
-85,-175,4
-275,-350,1
-45,-125,22
-195,-270,1
-50,-150,6
-120,-170,32
-305,-345,4
-195,-240,8
-50,-115,94
-180,-245,4
-210,-300,1
-235,-315,1
-320,-410,2
-290,-370,1
-295,-395,1
-310,-390,1
-285,-365,1
-305,-395,1
-70,-175,7
-295,-375,1
-240,-315,2
-80,-190,4
-250,-345,1
-20,-190,1
-170,-320,1
-270,-370,1
-250,-315,1
-65,-135,36
-220,-280,2
-235,-330,1
-50,-130,27
-50,-160,4
-220,-285,3
-315,-400,1
-275,-335,1
-235,-270,9
-35,-100,96
-30,-135,9
-145,-245,1
-40,-140,13
-160,-250,2
-185,-240,3
-50,-105,248
-155,-210,9
-175,-260,1
-75,-165,11
-190,-275,1
-95,-230,1
-290,-400,1
-105,-230,1
-285,-400,1
-230,-330,1
-35,-120,27
-165,-240,1
-30,-145,10
-150,-260,2
-50,-165,5
-195,-295,2
-170,-255,1
-250,-335,1
-320,-395,1
-255,-345,1
-250,-325,1
-280,-370,2
-90,-185,4
-375,-385,11
-155,-205,18
-140,-180,41
-110,-175,16
-65,-145,22
-210,-280,5
-105,-175,8
-255,-335,1
-40,-125,30
-25,-110,41
-165,-235,3
-15,-105,48
-140,-225,2
-60,-145,12
-240,-300,1
-140,-220,2
-25,-115,38
-205,-260,5
-205,-250,13
-210,-270,3
-25,-165,1
-190,-315,1
-155,-225,4
-190,-250,3
-195,-245,3
-230,-295,1
-210,-265,2
-215,-255,7
-210,-245,24
-170,-220,12
-185,-150,236
-120,-80,274
-165,-125,186
-125,-85,294
-220,-185,216
-250,-220,194
-220,-180,119
-250,-210,105
-320,-285,53
-240,-200,122
-270,-230,95
-320,-275,33
-205,-170,231
-285,-235,49
-285,-245,87
-310,-270,62
-285,-220,22
-270,-235,117
-265,-225,94
-230,-185,89
-275,-235,76
-275,-215,35
-135,-180,39
-135,-85,126
-165,-130,257
-255,-210,73
-320,-270,28
-240,-195,104
-320,-265,22
-315,-275,56
-430,-380,8
-290,-245,56
-200,-155,113
-235,-195,105
-285,-240,59
-265,-220,72
-290,-240,38
-270,-225,82
-335,-300,46
-135,-95,249
-340,-280,18
-280,-240,82
-375,-330,22
-365,-320,26
-265,-230,132
-300,-250,51
-360,-310,21
-225,-175,56
-215,-170,105
-175,-130,135
-225,-180,83
-195,-155,125
-315,-265,35
-250,-205,76
-275,-220,30
-130,-90,258
-110,-75,459
-200,-150,71
-310,-260,42
-210,-170,111
-260,-215,88
-155,-115,225
-295,-250,52
-335,-295,32
-345,-280,16
-390,-350,26
-395,-325,6
-300,-260,81
-340,-290,21
-380,-325,14
-375,-335,26
-235,-185,58
-270,-240,122
-310,-255,27
-260,-205,34
-400,-360,21
-405,-355,11
-315,-255,18
-210,-165,77
-460,-400,4
-255,-215,95
-305,-260,51
-360,-305,15
-265,-275,126
-315,-270,32
-345,-295,23
-290,-250,68
-185,-140,108
-175,-225,8
5,-50,340
-25,-95,75
-20,-80,227
5,-55,228
35,-25,37
0,-100,63
-110,-170,22
-40,-100,160
0,-60,308
-10,-70,241
-55,-120,82
-115,-160,68
-160,-205,26
-15,-75,228
-160,-245,1
-230,-250,69
-15,-80,171
10,-45,329
20,-40,97
-20,-85,156
-20,-95,58
5,-65,91
10,-55,78
-100,-150,61
-175,-75,8
-265,-285,28
-200,-225,84
-275,-290,53
-290,-305,38
-240,-260,62
-95,-10,23
-435,-410,93
-420,-395,117
-415,-405,77
-345,-320,69
-455,-425,57
-475,-470,15
-455,-455,5
-485,-475,16
-290,-300,81
-325,-330,59
-305,-325,17
-315,-335,15
-515,-505,6
-380,-375,58
-470,-460,23
-325,-335,34
-420,-415,33
-480,-475,12
-570,-545,12
-535,-530,2
-455,-430,81
-430,-420,37
-420,-435,4
-380,-385,19
-410,-385,102
-360,-360,46
-350,-315,39
-400,-395,36
-350,-325,77
-440,-440,10
-380,-350,28
-425,-400,96
-490,-470,40
-395,-395,31
-330,-335,63
-490,-475,23
-280,-255,115
-150,-225,4
-380,-390,7
-365,-365,34
-455,-445,21
-480,-455,70
-390,-390,29
-355,-355,69
-390,-395,18
-405,-400,26
-275,-285,126
-360,-365,27
-280,-290,79
140,125,476
155,130,341
175,145,153
135,110,516
-250,-275,24
-210,-235,63
-345,-365,18
-290,-295,151
-265,-280,58
-335,-340,50
-315,-325,40
-350,-350,57
-310,-320,44
-465,-440,66
-380,-395,6
-445,-435,46
-350,-355,29
-375,-375,29
-340,-320,227
-415,-415,19
-385,-390,11
-400,-410,7
-385,-385,43
-355,-325,43
-405,-405,17
-410,-410,18
-425,-425,18
-455,-450,19
-410,-420,7
-425,-415,56
-325,-345,7
-545,-515,28
-425,-430,6
-520,-505,10
-560,-530,15
-585,-580,1
-410,-390,116
-490,-480,13
-515,-500,13
-530,-500,34
-390,-385,49
-280,-305,17
-290,-310,20
-450,-445,17
-505,-495,14
-555,-535,9
-600,-570,9
-460,-455,15
-435,-430,21
-425,-420,32
-390,-410,5
-435,-450,4
-625,-585,13
-620,-595,7
-380,-380,38
-405,-385,142
-280,-320,2
-480,-485,3
-410,-415,19
-460,-460,14
-370,-365,82
-450,-440,24
-385,-380,49
-475,-465,25
-270,-290,30
-560,-555,5
-485,-480,7
-535,-505,34
-400,-405,17
-325,-300,70
-440,-410,37
-355,-360,35
-345,-350,39
-310,-325,21
-480,-445,28
-375,-370,93
-420,-450,2
-365,-375,12
-395,-390,56
-340,-345,33
-315,-320,78
160,135,351
-125,-175,27
-510,-485,28
-545,-535,4
-405,-380,105
-465,-455,21
-530,-515,10
-570,-560,3
-570,-565,2
-515,-510,6
-495,-500,2
-585,-565,4
-375,-380,9
-485,-455,58
-470,-465,9
-385,-365,178
-480,-470,17
-295,-305,78
-595,-590,1
-490,-465,49
-550,-515,35
-555,-540,5
-640,-620,2
-560,-540,9
-495,-495,3
-435,-425,32
-575,-550,9
-625,-600,1
-440,-435,13
-515,-485,43
-400,-400,18
-365,-370,24
-470,-470,3
-365,-390,2
-415,-410,27
-405,-375,26
-370,-375,21
-55,40,21
-345,-355,22
-340,-355,21
-345,-360,13
-255,-195,26
-305,-320,26
-355,-370,7
-460,-450,17
-375,-355,203
-440,-415,98
-165,-210,25
-335,-315,216
-370,-370,47
-505,-480,36
-605,-585,3
-460,-430,43
-445,-415,48
-340,-360,8
-330,-340,30
-380,-355,83
-370,-350,200
-335,-345,23
-405,-415,5
-220,-250,31
-230,-260,17
-260,-290,10
-300,-315,36
-470,-475,4
-620,-605,3
-570,-555,8
-70,10,21
-420,-390,41
-415,-390,108
-460,-465,6
-10,65,132
-40,65,39
-305,-120,1
-40,35,48
-405,-365,20
-495,-480,13
-5,-90,66
-365,-345,223
-395,-375,162
-420,-465,1
-350,-380,2
-490,-490,7
-560,-520,14
-20,85,38
-55,50,15
-145,45,1
-465,-430,13
-540,-520,11
-470,-445,61
0,90,113
-10,105,21
-15,-85,131
-120,-195,7
-210,315,1
-185,-275,1
-145,-210,14
5,95,49
-30,50,28
-100,0,18
0,115,27
-15,-90,93
-45,145,1
-155,-30,6
-45,-145,10
-60,-160,4
-30,45,58
-100,5,7
-440,-430,48
-180,-250,3
-400,-370,22
-30,-140,8
-360,-320,32
-65,60,4
-390,-370,184
-360,-325,37
-445,-390,6
-445,-385,5
-525,-535,1
-255,-275,34
-370,-385,7
-220,-255,18
-300,-320,17
-355,-365,12
-410,-405,33
-270,-285,60
-650,-630,2
-580,-565,3
-520,-515,4
-485,-485,2
-565,-550,8
-525,-520,5
-420,-420,16
-430,-430,11
-430,-425,23
-390,-400,14
-440,-455,4
-335,-350,14
-460,-470,4
-415,-425,10
-450,-450,9
-510,-510,7
-445,-450,9
-360,-370,13
-275,-305,6
-485,-470,19
-450,-460,4
-545,-545,1
-500,-495,3
-490,-485,9
-320,-330,30
-405,-410,17
-160,-200,35
-240,-265,29
-215,-245,27
-225,-255,34
-285,-310,5
-290,-315,16
-245,-280,10
-265,-300,9
-305,-330,10
-320,-335,16
-235,-275,5
-185,-235,13
-150,-190,27
-270,-295,14
-315,-340,10
-345,-385,1
-330,-350,9
-330,-345,12
-300,-310,59
-370,-380,18
-315,-330,22
-390,-405,7
-440,-450,6
-450,-455,5
-395,-400,11
-295,-310,36
-420,-425,9
-300,-325,14
-290,-330,4
-325,-340,14
-275,-300,17
-265,-295,10
-295,-320,5
-340,-365,3
-400,-420,2
-445,-445,15
-335,-360,10
-280,-310,7
-250,-270,32
-310,-330,22
-295,-315,15
-385,-400,5
-400,-425,5
-90,0,11
-340,-350,23
-255,-290,8
-200,-245,16
160,145,181
25,80,26
40,95,26
25,75,43
-275,-295,16
-445,-440,14
-550,-535,4
-605,-575,6
-540,-525,10
-370,-395,3
-260,-280,42
-290,-325,4
85,90,770
-230,-255,37
-225,-265,10
-325,-350,4
-340,-370,7
-375,-390,8
-315,-355,2
-395,-350,17
-365,-310,20
-280,-245,108
-365,-275,3
-340,-310,66
-450,-420,36
-365,-325,33
45,70,301
-455,-420,13
-240,-270,31
-265,-290,19
-250,-280,13
-200,-235,20
-235,-265,13
-175,-215,25
-215,-250,16
-255,-300,5
-285,-315,9
-270,-305,2
-150,-200,35
-410,-375,21
-70,-225,1
-360,-375,11
-320,-345,4
-430,-395,13
-395,-370,110
-495,-485,14
-415,-385,37
-460,-425,19
-435,-415,94
75,85,934
-505,-505,2
-285,-305,13
-375,-395,5
-145,-195,23
-260,-285,18
-225,-250,31
-240,-275,12
-360,-385,5
-365,-385,5
-255,-280,21
-300,-335,4
-395,-405,3
-370,-405,2
70,20,65
-260,-295,3
-495,-515,2
-395,-410,6
-300,-330,9
175,160,112
-270,-300,6
-435,-460,1
-355,-375,3
-325,-355,4
-250,-285,13
-315,-350,7
-425,-435,3
-420,-440,4
-520,-510,12
-360,-390,2
-375,-405,3
-230,-265,8
-135,-185,16
-435,-445,4
-470,-440,57
-600,-585,5
-480,-480,6
-640,-630,1
-315,-345,5
-455,-475,1
-465,-460,5
-335,-355,9
-145,-190,22
-250,-305,2
-430,-405,86
-445,-420,95
-565,-565,1
-370,-340,29
-200,-260,3
-5,-75,114
-40,-115,52
-465,-420,11
95,100,761
90,110,92
115,120,566
110,120,542
120,125,506
105,110,626
145,135,156
95,95,422
130,130,217
115,130,142
120,115,197
140,145,411
130,135,457
105,105,372
105,100,367
125,120,146
130,125,135
135,130,108
140,135,111
145,140,105
150,145,89
160,150,63
165,155,57
120,130,439
110,130,31
155,145,104
135,135,215
-135,-60,36
-350,-320,44
-505,-475,41
115,125,506
120,135,90
135,140,466
125,125,249
145,125,482
125,130,494
140,150,253
165,150,166
105,120,185
95,105,706
165,160,77
-385,-345,28
-390,-360,20
-465,-425,6
-310,-265,34
-10,-100,48
-365,-330,31
-355,-330,67
-385,-350,26
-415,-380,20
-440,-405,7
-330,-300,55
-370,-335,37
-380,-345,19
-375,-325,10
-45,-315,1
50,75,276
-375,-350,65
-370,-325,27
-395,-365,27
-385,-355,30
-400,-375,94
-390,-365,95
-435,-405,35
-440,-400,16
-405,-370,20
-330,-290,53
-395,-355,23
-365,-335,31
-25,50,69
-260,-170,9
-580,-480,3
-25,40,57
-260,-185,9
-550,-460,2
-30,55,30
-75,5,28
-215,-125,22
-455,-365,3
-10,55,73
-45,25,54
-370,-285,3
-15,60,110
-60,20,38
-175,-95,28
-410,-320,3
-20,55,83
-70,5,38
-215,-140,13
-485,-380,2
-80,-5,40
-235,-155,13
-500,-390,2
-25,60,22
-240,-160,9
-535,-425,2
-25,55,46
-240,-155,13
-185,-105,22
-410,-325,3
-5,70,166
-280,-200,7
-125,-50,26
-330,-235,4
-325,-230,5
-15,70,20
-300,-210,10
-40,40,25
-140,-55,22
-385,-290,7
-15,65,60
-35,40,54
-130,-45,21
-330,-230,4
-110,-25,21
-320,-215,5
-95,-5,23
-280,-185,6
-130,-35,13
-345,-240,3
-140,-65,42
-405,-300,2
-480,-380,2
-20,60,54
-190,-95,12
-460,-345,1
-190,-105,24
-445,-345,3
-145,-55,19
-340,-250,3
-65,10,45
-195,-110,23
-445,-340,1
-85,0,19
-220,-130,15
-455,-350,3
-210,-125,16
-440,-345,3
-70,15,29
-190,-100,18
-425,-320,2
-75,0,34
-225,-135,11
-505,-405,5
-25,45,70
-535,-440,4
-230,-150,21
-545,-450,3
-555,-450,3
-15,55,102
-195,-115,12
-485,-400,1
-555,-455,3
-525,-425,4
-555,-460,1
-80,0,28
-260,-200,31
-605,-505,2
-85,-10,25
-280,-205,5
-615,-510,1
-20,65,35
-530,-450,1
-505,-415,3
-175,-65,4
-485,-375,1
-610,-500,1
-240,-145,11
-140,-50,15
-375,-280,3
-535,-430,5
-545,-435,1
-245,-160,11
-540,-435,3
-20,80,40
-75,10,19
-555,-465,1
-215,-130,13
-440,-330,1
-510,-415,4
-530,-430,7
-50,25,44
-170,-70,7
-410,-310,4
-185,-90,9
-195,-90,9
-180,-95,28
-420,-325,3
-15,75,33
-160,-50,13
-385,-280,2
-180,-90,12
-435,-330,2
-230,-145,13
-500,-405,1
-515,-405,1
-245,-165,9
-540,-450,4
-240,-170,12
-265,-185,11
-590,-485,2
-290,-205,6
-615,-500,1
-530,-425,1
-565,-465,4
-250,-175,13
-590,-500,1
-80,5,32
-275,-185,12
-650,-540,1
-65,15,32
-255,-180,10
-655,-560,1
-625,-535,2
-15,50,65
-540,-475,1
-550,-450,2
-230,-140,12
-560,-445,1
-20,75,31
-200,-100,8
-495,-390,3
-550,-440,1
-575,-470,1
-15,105,12
-565,-460,1
-250,-170,7
-580,-470,1
-25,115,1
-80,85,1
-260,-160,5
-605,-500,1
-525,-450,1
-75,20,23
-220,-100,3
-505,-390,1
-525,-430,3
-205,-120,26
-405,-305,3
-340,-235,3
-35,45,46
-115,-15,13
-270,-170,6
-365,-295,2
-360,-260,3
-395,-310,5
-60,10,42
-415,-325,3
-180,-100,20
-435,-340,3
-60,25,15
-160,-70,17
-355,-260,5
-55,20,44
-155,-70,15
-380,-280,3
-165,-70,10
-375,-275,3
-345,-255,8
-400,-300,2
-220,-140,14
-495,-395,5
-220,-135,24
-425,-325,2
-10,60,106
-40,30,59
-340,-255,5
-480,-385,4
-55,30,15
-420,-350,7
-60,15,36
-535,-470,1
-50,35,14
-540,-440,2
-360,-275,3
-350,-250,3
-45,50,20
-150,-65,20
-395,-290,1
-540,-430,2
-530,-415,1
-435,-325,1
-35,35,56
-290,-195,4
-290,-190,3
-245,-155,10
-305,-210,5
-165,-85,25
-370,-265,3
-510,-410,2
-100,-25,20
-590,-495,1
-635,-525,1
-560,-470,1
-265,-165,6
-90,90,1
-240,-35,1
-555,-395,1
-170,-90,34
-270,-190,7
-5,65,112
-130,-50,28
-315,-205,2
-455,-355,5
-475,-380,1
-255,-170,11
-575,-465,1
-615,-515,1
-265,-195,13
-550,-455,1
-170,-80,20
-265,-170,11
-225,-130,6
-360,-265,3
-400,-325,6
-170,-95,31
-405,-315,6
-220,-155,29
-485,-385,3
-160,-75,28
-365,-270,4
-340,-240,2
-145,-60,23
-375,-290,2
-375,-270,1
-370,-270,2
-165,-95,35
-400,-305,2
-470,-370,2
-30,60,12
-240,-150,6
-235,-135,11
-585,-480,1
-305,-225,9
-670,-565,1
-270,-195,14
-585,-475,1
-550,-445,2
-460,-365,2
-465,-355,2
-515,-420,1
-45,30,48
-405,-320,3
-155,-60,11
-360,-255,3
-125,-40,28
-285,-195,6
-140,-60,24
-120,-45,38
-25,65,25
-65,45,17
-205,-115,17
-465,-375,3
-50,30,26
-215,-135,12
-460,-360,5
-395,-300,3
-420,-330,3
-500,-400,4
-400,-315,2
-490,-395,2
-55,35,21
-390,-300,4
-380,-295,6
-200,-115,15
-175,-90,21
-400,-310,1
-125,-30,14
-300,-205,6
-170,-85,22
-5,80,54
-165,-75,25
-415,-310,1
-5,75,98
-280,-180,13
-150,-55,16
-400,-295,2
-105,-30,28
-115,-30,20
-150,-75,38
-10,85,61
-50,60,20
-135,-40,15
-90,-10,29
-250,-165,14
-255,-160,6
-380,-270,2
-105,-25,29
-285,-185,4
-380,-285,3
-110,-30,26
-275,-190,4
-370,-280,2
-230,-130,9
-45,45,20
-225,-145,17
-75,15,20
-295,-195,2
-85,5,21
-305,-205,3
-120,-35,20
-300,-215,5
-85,-5,21
-145,-50,15
0,75,204
-90,20,11
-105,-10,14
-265,-175,10
-200,-110,11
-5,105,78
-25,70,20
-235,-145,16
-155,-65,12
-330,-250,5
-15,120,2
-50,200,1
-70,20,19
-40,45,12
-145,-65,34
0,80,105
-10,75,49
-120,-30,18
-115,-25,14
5,75,101
10,95,18
5,85,48
10,85,48
5,80,91
-45,40,18
10,80,36
15,100,9
0,85,61
-5,90,174
10,100,6
5,90,36
20,105,4
30,90,21
20,100,13
10,75,53
10,90,30
-10,80,55
-90,-5,24
5,70,67
15,90,24
20,75,29
35,90,29
40,85,66
55,115,12
15,70,29
0,250,1
15,80,16
35,110,5
50,110,8
15,75,27
20,-90,6
35,105,13
65,120,16
25,105,7
40,110,9
25,110,11
55,120,3
15,85,11
25,85,26
50,95,52
55,130,2
10,105,14
-150,-70,32
5,115,24
5,100,55
-185,-100,21
-35,50,9
-110,-20,12
-145,-70,42
-190,-115,14
-200,-105,8
-35,115,5
-125,-45,31
-125,-35,15
20,85,20
-5,85,115
10,110,13
20,95,10
-95,-15,20
-25,75,43
-100,-5,16
-65,25,29
-20,70,18
-65,20,26
-45,65,23
-165,-80,19
-220,-120,4
-310,-225,5
-255,-175,9
-330,-245,1
-60,60,5
-175,-85,16
-210,-120,11
-210,-115,11
-205,-125,16
-35,55,14
-85,20,9
-215,-120,23
-110,-15,10
-15,80,25
-40,50,13
-125,-25,5
-300,-220,3
-385,-285,2
-105,-20,17
-255,-150,5
-325,-225,5
-190,-110,22
-275,-175,5
-225,-125,7
-130,-40,20
-335,-235,5
-245,-150,10
-260,-175,6
-270,-185,5
-395,-295,4
-395,-305,1
-410,-315,4
-450,-350,3
-210,-130,14
-480,-365,1
-480,-375,3
-540,-445,2
-170,-75,13
-385,-300,2
-185,-95,11
-415,-320,5
-240,-140,7
-295,-190,4
-290,-210,8
-290,-200,10
-300,-195,2
-340,-245,2
-240,-135,3
-515,-400,2
-350,-265,2
-95,5,15
-255,-165,6
-380,-290,3
-440,-350,1
-455,-345,2
-380,-275,1
-440,-340,3
-415,-315,4
-425,-330,4
-450,-355,4
-405,-310,6
-200,-120,19
-435,-335,2
-225,-140,13
-490,-385,3
-485,-395,1
-280,-210,13
-295,-205,6
-235,-140,8
-300,-200,6
-460,-370,2
-195,-105,14
-520,-410,1
-350,-260,3
-380,-265,1
-480,-390,3
-475,-390,2
-360,-280,2
-305,-220,9
-345,-250,1
-335,-245,2
-390,-290,3
-420,-320,1
-370,-275,3
-60,30,18
-330,-225,2
-345,-245,2
-160,-65,16
-470,-355,1
-585,-490,2
-335,-230,4
-425,-340,3
-185,-80,7
-410,-305,2
-355,-265,1
-430,-320,1
-525,-415,1
-235,-150,13
-530,-435,3
-25,80,51
-85,15,17
-515,-410,3
-25,120,1
-80,125,1
-445,-25,1
-465,-365,3
-430,-335,4
-340,-260,3
-350,-240,1
-525,-420,1
-545,-445,2
-430,-340,1
-130,-30,7
-330,-240,3
-505,-410,3
-495,-400,3
-680,-575,1
-660,-550,1
-275,-180,9
-655,-545,1
-90,5,11
-665,-565,1
-705,-585,1
-320,-225,5
-715,-605,1
-675,-575,1
-625,-525,1
-460,-355,2
-180,-80,7
-450,-360,1
-270,-215,36
-320,-250,15
-430,-370,7
-485,-405,3
-460,-390,2
-415,-335,4
-400,-320,3
-490,-415,1
-470,-415,3
-500,-450,5
-415,-370,12
-35,60,20
-365,-280,3
-425,-350,2
-255,-185,13
-635,-530,1
-605,-510,1
-535,-420,1
-670,-560,1
-575,-480,1
-10,90,75
-440,-325,2
-170,-65,5
-390,-310,4
-345,-230,3
-305,-195,2
-285,-200,3
-120,-25,15
-320,-230,6
-440,-360,3
-210,-160,75
-510,-400,1
-240,-165,12
-575,-475,1
-580,-490,1
-210,-135,20
-455,-360,1
-375,-295,3
-470,-375,2
-510,-425,3
-500,-410,2
-560,-455,1
-615,-520,1
-260,-195,17
-630,-535,1
-600,-505,1
-595,-495,1
-220,-150,15
-465,-370,2
-460,-375,2
-520,-420,1
-500,-395,3
-555,-445,1
-540,-425,1
-520,-445,1
-530,-410,1
-440,-335,1
-475,-375,1
-510,-405,1
-355,-255,2
-175,-80,8
-205,-105,9
-295,-200,8
-535,-435,1
-275,-195,5
-580,-465,1
-520,-425,1
-475,-370,1
-490,-390,1
-495,-385,1
-520,-405,1
-475,-385,3
-585,-470,1
-470,-380,2
-185,-110,16
-560,-460,1
-385,-295,1
-370,-290,3
-250,-155,7
-495,-405,1
-305,-215,4
-315,-220,4
-345,-260,3
-335,-240,1
-215,-150,25
-105,-15,13
-130,-20,9
-105,-5,10
80,165,2
40,115,9
20,90,12
30,105,9
50,120,5
25,100,6
25,95,9
30,100,12
30,115,6
70,140,4
35,115,9
65,135,2
30,95,9
-150,-60,12
55,125,3
-135,-45,11
-140,-45,11
-135,-50,12
-325,-290,51
-295,-215,9
-205,-110,11
-230,-135,13
-50,40,9
-155,-45,4
-260,-180,3
-290,-220,13
-325,-240,2
-310,-210,3
-220,-125,10
-325,-235,4
-340,-265,5
-405,-335,8
-270,-175,6
-215,-115,10
-265,-160,4
-280,-195,5
-265,-180,2
-375,-285,2
-405,-295,1
-335,-220,3
-420,-315,1
-490,-405,1
-365,-285,2
-390,-305,1
-520,-430,1
-490,-400,1
-370,-330,29
-475,-425,8
-465,-435,43
-470,-425,8
-425,-385,16
-415,-375,18
-170,-40,3
-445,-405,10
-435,-395,16
-490,-445,4
-450,-405,7
-295,-265,78
-425,-390,17
-250,-215,174
-400,-365,25
-355,-310,26
-165,-20,2
-430,-400,43
-290,-350,1
-490,-450,6
-420,-380,14
-390,-345,24
-440,-385,7
-320,-280,67
-385,-340,17
-345,-305,44
-480,-430,4
-525,-460,1
-545,-500,5
-450,-410,9
-430,-390,7
-470,-435,14
-490,-460,55
-420,-385,18
-480,-450,49
-65,150,1
-20,90,43
-50,110,1
-210,300,1
-135,-380,1
50,70,313
-25,-200,1
-75,-235,1
-330,-280,25
-405,-360,10
-350,-310,27
-455,-415,14
-435,-400,10
-495,-465,61
-575,-530,3
-430,-385,12
-520,-485,28
-360,-315,27
-325,-285,52
-425,-380,6
-375,-340,30
-445,-410,15
-485,-445,4
-340,-295,38
65,80,543
-330,-285,24
-305,-265,64
-395,-360,27
-590,-550,12
-565,-545,12
-500,-485,15
-590,-560,11
-585,-550,14
-500,-470,51
-515,-520,3
-475,-445,45
-505,-490,15
-160,-235,2
-520,-490,28
-190,-260,2
-150,-205,8
10,-85,31
-65,-150,8
90,-75,1
-60,220,1
-605,-565,15
-670,-630,2
-435,-435,9
-475,-450,70
-410,-365,18
-455,-465,2
-505,-510,1
-620,-625,1
-615,-625,1
-555,-575,1
-525,-540,1
-455,-470,2
-380,-410,2
-405,-430,2
-380,-405,2
-500,-520,2
-475,-495,2
-445,-455,2
-405,-435,2
-415,-430,4
-475,-480,2
-515,-535,1
-420,-430,4
-385,-395,6
-295,-330,5
-390,-415,4
-465,-490,2
-490,-520,2
-350,-365,7
-10,-80,93
-350,-375,1
-365,-400,1
-365,-395,3
-345,-370,4
-295,-325,5
-450,-465,1
-470,-485,1
-490,-505,2
-520,-520,6
-545,-560,1
-520,-530,1
-600,-610,1
-595,-615,1
-440,-460,2
-370,-390,6
-550,-570,1
-570,-590,1
-550,-565,1
-425,-440,2
-445,-460,2
-385,-420,2
-380,-400,6
-435,-455,2
-120,-190,10
-275,-310,3
-355,-385,3
-385,-405,4
-540,-555,2
-405,-420,4
-410,-425,5
-290,-320,8
-465,-475,1
-330,-360,1
-415,-440,4
-280,-315,3
-285,-325,2
-350,-370,6
-310,-335,4
-430,-460,1
-285,-320,2
-355,-390,2
-170,-235,2
-310,-340,6
-25,-100,39
-240,-280,5
-320,-355,3
-265,-315,1
-140,-195,15
-245,-295,4
-335,-385,1
-310,-345,1
-120,-180,17
15,-75,19
35,-50,8
75,5,15
35,-35,24
80,25,30
70,0,22
35,65,235
25,-45,24
90,30,14
55,-5,35
-160,-210,5
-140,-200,10
-265,-305,4
-355,-395,1
-375,-400,2
-215,-260,5
-305,-335,2
-345,-375,1
-390,-430,1
-345,-390,1
-270,-310,2
-250,-295,2
-440,-475,1
-430,-465,1
-340,-380,1
-350,-390,3
-370,-400,2
-540,-560,1
-530,-545,2
-445,-475,2
-505,-520,3
-445,-480,1
-250,-300,1
-350,-385,1
-320,-370,1
-375,-410,1
-395,-425,1
-440,-465,2
-405,-450,1
-335,-375,1
-410,-430,1
-385,-410,3
-445,-465,1
-490,-510,1
-515,-545,2
-355,-380,2
-420,-445,3
-310,-350,1
-425,-445,1
-525,-530,1
-610,-625,1
-540,-550,1
-460,-480,2
-540,-545,1
-610,-630,1
-505,-525,2
-470,-480,3
-415,-445,2
-430,-445,1
-390,-425,1
-475,-510,1
-485,-510,1
-565,-590,1
-280,-325,1
-295,-350,1
-320,-340,8
-360,-395,2
-510,-520,1
-330,-365,2
-360,-380,4
-480,-490,4
-545,-565,1
-475,-485,2
-350,-395,1
-305,-340,2
-550,-555,1
-495,-520,1
-510,-525,2
-345,-380,3
-335,-365,2
-480,-500,2
-490,-500,2
-410,-435,1
-535,-545,1
-460,-485,1
-295,-335,3
-195,-255,2
-185,-245,6
-235,-285,1
-285,-330,1
-245,-290,3
-245,-285,4
-105,-170,14
30,-35,41
50,-25,16
20,-45,38
55,-10,34
5,-60,128
80,20,22
90,0,1
40,-20,27
-145,-205,9
-165,-225,6
10,-50,165
-145,-200,9
-185,-250,4
-150,-220,5
-170,-230,4
-125,-190,12
-170,-225,8
-335,-370,1
-385,-415,1
-465,-480,1
-320,-360,2
-320,-350,2
-405,-425,2
-425,-450,1
-430,-440,3
-400,-415,4
-525,-560,1
-340,-375,1
-360,-405,1
-465,-500,1
-400,-430,1
-395,-415,2
-520,-555,1
60,80,211
155,140,254
40,65,313
170,165,62
150,135,324
190,160,146
200,180,61
210,175,46
180,155,221
175,140,81
165,145,294
170,150,242
175,150,246
-545,-530,5
150,140,93
170,155,125
180,160,154
170,160,50
165,135,177
-500,-455,3
-500,-460,4
-535,-500,18
-640,-605,6
85,110,116
-245,-195,60
-215,-165,59
-260,-210,64
45,95,32
70,95,186
30,65,121
85,105,112
75,105,183
65,90,210
50,85,113
95,115,69
60,90,190
115,135,34
95,110,266
130,145,66
135,150,38
145,160,40
160,175,14
170,180,73
175,190,4
100,115,204
140,155,43
155,170,21
95,120,69
80,105,119
110,140,98
105,125,46
60,85,229
110,125,168
105,130,53
45,75,174
75,120,27
55,95,70
-250,-200,59
-360,-300,21
-505,-465,8
-325,-280,46
-435,-385,6
-265,-215,49
-515,-470,2
-450,-415,14
75,100,158
40,70,201
35,75,86
110,135,45
95,125,130
100,125,72
105,140,100
135,145,295
125,135,347
115,140,44
120,150,72
125,140,78
30,70,127
-400,-350,9
-335,-290,27
-325,-275,35
180,165,60
175,165,40
215,190,58
215,210,27
210,195,6
185,170,52
170,140,160
200,160,22
190,170,99
180,170,30
185,150,82
190,180,24
-150,-45,7
-220,-170,61
-230,-170,32
-270,-220,60
-350,-300,21
-365,-315,11
-325,-270,30
-175,-125,109
-40,-105,90
-220,-175,93
-305,-250,40
-120,-70,127
-10,-75,153
-285,-225,20
-355,-290,8
-355,-295,8
-380,-315,9
-290,-235,35
-345,-300,29
-315,-250,29
-245,-180,34
-340,-300,34
-370,-320,17
-380,-330,15
-400,-355,24
-420,-370,7
-385,-335,12
-410,-345,4
-420,-360,5
-450,-395,1
-460,-395,3
-315,-260,25
-385,-330,8
-350,-295,14
-370,-315,11
-405,-345,5
-335,-275,24
-305,-255,39
-130,-80,137
-225,-170,44
-235,-175,27
-280,-215,13
-30,-105,62
-30,-120,30
-35,-145,4
-10,100,52
-30,-115,28
-35,-125,21
-65,-170,6
65,105,72
70,100,184
80,110,162
55,85,191
25,60,140
70,105,103
80,115,98
90,120,160
70,110,51
20,50,223
0,-110,25
0,-75,95
100,140,45
110,145,101
110,150,47
115,145,78
115,155,44
5,105,44
5,110,32
-30,110,3
-30,120,1
-30,100,10
30,80,51
30,75,69
0,95,210
0,-105,37
0,-120,9
0,-145,4
0,-160,2
0,-165,1
0,-170,1
0,-185,1
5,-150,4
10,-60,38
30,85,27
65,100,108
75,110,101
-15,-95,62
-20,-110,58
-20,-105,38
100,135,107
35,70,132
40,75,114
90,125,123
25,70,73
20,80,19
20,70,52
45,100,13
50,115,6
55,140,4
40,130,2
45,125,6
50,135,8
50,125,3
20,65,70
45,85,73
50,105,20
55,90,101
65,95,186
-25,90,21
-25,95,17
15,125,13
20,150,3
25,115,4
0,-65,208
-45,-170,4
-45,-190,2
-50,-190,1
-55,-160,6
0,120,14
0,105,111
0,135,3
5,125,15
-5,115,17
-5,130,5
45,80,103
50,90,85
125,155,59
155,155,179
90,115,95
130,180,7
135,170,52
145,150,380
145,155,249
65,115,24
70,130,11
125,165,25
135,175,31
65,125,10
75,135,6
80,135,11
85,135,10
90,130,50
95,130,91
135,155,16
-5,-80,80
50,100,24
55,100,63
5,140,2
5,155,1
5,150,1
55,110,16
60,115,18
70,120,9
70,115,25
75,115,65
120,120,275
15,-45,97
25,65,104
40,120,4
40,105,10
85,115,155
85,120,106
90,140,9
95,140,15
100,160,12
105,155,11
95,135,49
100,145,19
100,150,7
105,135,104
60,100,81
65,130,3
70,135,4
85,130,26
45,105,10
85,125,55
40,80,85
40,90,29
40,100,15
45,120,4
35,100,10
110,155,14
115,165,8
120,165,7
95,165,4
100,155,7
140,165,20
155,185,26
10,125,20
125,160,89
145,210,1
150,225,2
130,155,27
150,160,216
155,160,313
155,165,171
165,175,96
-40,80,13
-40,125,2
-40,190,1
0,-70,145
50,80,175
60,105,50
120,160,50
120,170,5
130,175,6
130,165,69
105,145,54
115,160,10
0,140,6
0,130,10
115,150,94
120,145,49
80,145,8
-5,95,235
0,100,186
45,90,43
60,120,6
65,140,4
70,145,3
75,130,7
90,150,5
95,155,8
95,160,6
105,165,4
110,160,6
125,150,29
135,165,46
90,135,18
80,120,48
85,145,6
95,145,7
45,130,9
25,125,1
25,135,4
30,145,3
35,130,3
35,95,14
40,-30,25
40,-40,19
40,-45,11
45,-45,5
45,-40,7
45,-35,10
50,-30,11
50,-20,22
110,175,2
120,180,6
120,185,2
125,185,7
125,190,4
80,125,26
-90,45,1
-90,55,1
-75,75,1
-80,75,1
-85,75,1
-85,70,1
-90,65,2
-95,45,1
60,110,25
25,130,5
60,-25,9
65,0,16
55,105,25
15,-50,44
-70,-165,7
105,150,15
-10,-85,84
-60,50,24
-60,40,34
-65,30,15
5,-75,71
5,-85,47
5,-90,43
-5,-85,70
-5,-95,77
-5,120,7
-30,-100,61
-95,0,16
-280,-225,32
-20,100,11
-30,95,10
-30,85,21
-30,80,35
-35,85,13
-35,70,39
-35,95,7
-35,130,1
-35,145,3
-35,165,1
-35,160,1
-35,140,2
-290,-230,27
-295,-230,25
-305,-245,16
-310,-245,19
-320,-260,20
-320,-255,9
-55,-140,20
-295,-210,5
-245,-145,6
-255,-145,5
-315,-245,13
-335,-255,1
-280,-230,46
-335,-280,26
-330,-270,19
-260,-190,11
-270,-205,18
-290,-225,15
-190,-90,8
-190,-85,4
-230,-175,36
-260,-150,5
-265,-155,3
-270,-165,5
-275,-170,4
-395,-340,5
-415,-360,4
-440,-380,5
-445,-380,2
-380,-320,12
-415,-355,3
-465,-385,3
-500,-425,2
-435,-375,6
-445,-375,3
-470,-385,1
-470,-390,4
-350,-305,29
-380,-335,18
-415,-365,5
-455,-400,4
-420,-365,7
-435,-390,12
-455,-395,2
-410,-380,26
-465,-415,10
-465,-410,5
-530,-470,4
-395,-335,8
-405,-350,13
-425,-370,5
-430,-365,3
-335,-285,30
-410,-370,14
-425,-365,5
-350,-290,17
-175,-60,3
-420,-345,3
-430,-350,4
-445,-395,3
-300,-240,22
-335,-260,7
-400,-345,7
-410,-355,7
-440,-375,3
-460,-380,2
-420,-375,13
-450,-390,5
-395,-330,6
-115,-20,16
-115,-10,4
-120,-15,7
-120,45,2
-120,60,1
-130,-15,5
-245,-190,33
-355,-300,19
-45,90,2
-360,-285,2
-10,-105,40
-10,-115,36
-15,-135,8
-15,-150,4
-20,-155,5
-20,-150,11
-20,-145,6
-25,-140,9
-340,-275,10
-360,-290,7
-365,-305,16
-330,-275,24
-35,-140,9
-45,-150,7
-295,-235,22
-25,-105,53
-185,-60,5
-275,-205,11
-295,-225,10
-300,-230,11
-315,-235,2
-345,-285,16
-360,-295,11
-310,-235,4
75,125,17
55,135,3
-35,80,29
-50,65,14
0,-85,51
-120,65,1
-120,80,1
-125,75,1
-130,45,1
-135,40,1
-135,15,1
-140,-35,9
10,165,1
15,145,3
15,135,8
15,105,2
0,125,10
5,130,16
90,180,2
95,180,1
95,185,1
100,130,112
-40,60,28
15,-110,6
15,-105,3
15,-100,6
20,-95,6
20,-60,15
35,120,6
-25,-155,2
-40,-155,2
35,80,59
35,85,32
0,110,51
0,-80,70
-5,-125,9
-5,-130,5
-5,-140,10
-5,-165,2
-5,-160,2
0,-150,5
0,-125,12
0,-115,12
0,-95,65
5,-80,50
25,90,12
-5,-105,57
-5,-100,63
55,-20,12
60,-20,15
60,-15,11
80,155,1
85,190,1
85,195,1
90,205,3
90,220,3
90,200,3
90,190,1
90,195,1
95,175,3
10,115,13
-5,-115,20
-5,-120,15
20,135,7
25,155,4
30,130,3
105,45,8
50,-15,42
45,-30,14
45,-25,22
85,140,4
90,145,10
95,150,7
65,110,42
-5,-135,7
80,130,16
80,160,3
85,150,10
-105,20,10
-110,35,1
-110,40,1
-25,85,35
-25,100,9
-35,90,12
-40,75,18
-45,55,29
-10,110,21
-30,90,11
-55,-130,47
-30,75,32
-30,70,28
-35,65,24
-45,-155,4
-45,-220,1
-45,-230,1
-50,-250,1
-50,-255,1
-50,-265,1
-50,-280,1
-55,-270,1
-55,-265,1
-55,-255,1
-55,-230,2
-90,-205,2
-95,-215,1
-95,-245,1
-100,-260,1
-100,-275,1
-100,-280,1
-105,-295,1
-105,-310,1
-110,-315,1
-105,-290,1
-105,-265,1
-105,-250,1
-105,-220,1
-10,95,90
-15,85,63
-80,25,14
-40,85,11
-45,60,15
160,155,59
-280,-220,30
-50,45,11
-480,-435,10
-350,-280,8
-370,-305,5
-355,-305,17
-395,-345,4
-435,-380,5
-475,-420,1
-490,-435,1
-450,-425,88
-460,-435,66
-385,-320,12
-425,-375,7
-480,-420,2
-440,-395,11
-375,-310,10
-405,-330,2
-425,-360,5
-430,-360,4
-410,-360,4
-390,-340,12
-345,-290,24
-475,-440,10
-445,-470,1
-375,-315,16
-340,-270,7
-345,-270,2
-370,-300,7
-315,-365,1
130,150,21
140,140,200
155,150,77
150,155,348
110,180,1
130,190,4
140,175,58
145,170,26
150,165,24
120,155,81
175,155,203
155,135,417
5,-70,70
135,185,2
145,190,3
150,185,51
160,165,298
150,150,169
55,150,2
55,145,4
60,145,3
60,150,1
30,110,3
35,125,4
130,140,351
145,145,211
145,165,15
165,165,168
160,160,154
140,170,38
155,180,14
160,195,37
160,200,14
170,205,34
170,190,7
165,170,232
170,175,214
185,185,115
200,185,25
175,175,129
195,185,12
180,175,58
35,-40,14
60,-45,10
65,-40,7
180,185,186
185,175,18
80,15,11
140,160,15
15,130,11
30,-95,3
135,70,10
145,70,3
150,80,4
170,110,5
195,180,24
175,170,59
195,190,41
10,-70,33
35,135,2
40,155,7
50,160,1
50,145,2
50,130,4
130,160,59
130,170,29
150,170,5
160,170,131
170,170,146
5,-115,11
5,-110,18
55,-50,2
60,-75,3
65,-65,4
70,-55,3
80,-10,6
90,10,4
120,140,24
135,160,35
145,180,51
150,190,17
155,205,6
170,210,9
185,195,40
185,180,48
165,140,287
170,145,279
140,215,1
145,220,1
160,235,2
175,200,6
-65,-160,11
-70,-180,7
130,200,4
135,235,1
140,245,1
140,235,1
145,230,1
145,240,3
140,200,2
180,150,162
190,185,44
205,205,73
205,200,42
165,130,77
125,145,13
150,175,14
165,195,16
165,200,27
175,210,38
180,210,13
190,200,27
155,225,1
160,230,1
180,250,1
180,255,2
190,230,1
200,205,79
75,145,2
85,165,5
125,35,4
125,30,5
125,20,2
130,-5,1
130,10,1
135,10,1
150,20,1
155,40,1
175,105,1
175,110,1
190,155,72
195,165,135
145,195,2
155,210,2
160,210,1
165,220,1
165,215,1
175,220,1
180,200,2
155,190,28
170,195,8
180,135,13
200,170,111
35,140,2
5,120,19
50,-45,3
20,-50,32
130,65,12
135,55,4
140,65,2
150,85,5
150,90,5
60,-5,24
110,170,1
110,165,5
120,175,3
75,10,11
15,-85,24
200,175,90
50,-35,13
55,-15,14
175,180,184
185,200,1
190,205,1
195,215,1
200,220,1
205,220,1
205,230,1
210,230,1
215,230,1
225,220,20
70,-5,13
150,180,36
155,175,3
160,180,8
170,185,7
180,180,130
115,50,6
120,45,4
125,55,4
130,60,6
150,100,7
155,120,114
165,110,4
185,130,1
185,140,8
125,210,1
135,240,1
145,275,1
145,280,1
150,280,1
155,290,1
155,285,1
160,280,3
165,285,1
175,270,1
175,260,1
180,230,1
190,195,130
185,165,112
80,140,6
90,155,4
135,60,4
140,55,3
150,65,1
150,60,1
175,115,5
180,125,3
185,135,4
190,145,6
195,150,10
170,130,36
120,65,15
120,50,6
125,45,7
185,160,164
165,185,3
175,185,69
120,55,7
-35,-150,3
-40,-160,1
-45,-160,4
70,10,27
115,175,1
120,190,1
135,265,2
140,260,2
150,230,1
145,205,1
130,55,5
140,60,2
145,75,4
160,100,4
165,115,4
145,175,37
140,80,9
140,70,3
75,-5,2
75,-15,13
70,-35,11
70,-40,5
70,-60,3
70,-45,3
70,-20,5
5,135,8
25,-50,21
30,-40,23
160,190,28
80,10,9
115,170,2
125,180,1
125,195,2
135,180,7
140,180,26
40,-15,48
-5,100,169
65,-35,9
70,-30,5
-455,-410,11
-300,-340,2
60,125,5
-310,-355,1
-310,-360,1
0,145,1
5,-100,20
85,155,5
95,170,3
160,85,1
160,90,3
175,120,5
190,175,35
205,185,45
25,120,2
30,120,2
180,140,26
145,215,1
165,190,6
175,195,3
70,-10,6
70,-15,7
75,-20,4
80,-25,2
85,-25,3
150,195,4
155,200,1
165,210,4
165,205,14
125,170,6
130,185,1
135,190,4
75,140,7
25,-55,12
200,190,9
155,195,24
165,180,5
60,170,2
170,105,2
170,215,1
205,195,15
45,-50,7
50,-40,3
155,95,4
195,175,82
165,100,2
170,100,3
190,165,143
175,125,4
190,135,3
150,75,2
155,70,1
160,70,2
190,150,30
195,160,52
160,185,7
60,-40,8
60,-30,7
65,-20,12
65,-5,12
20,125,5
20,110,1
140,195,3
20,-70,16
65,-25,8
75,-30,2
75,-10,3
80,-5,4
195,155,25
0,-90,57
75,0,15
80,0,9
85,5,5
85,15,1
85,20,6
120,40,6
125,50,6
10,-80,30
15,-95,12
15,-90,21
15,-80,22
20,-65,26
5,-95,38
45,-20,17
100,25,6
100,30,6
105,25,5
105,30,8
110,35,6
65,-10,12
15,-70,23
15,-65,25
130,195,1
95,30,15
70,125,7
95,25,5
80,5,6
85,-5,1
90,15,8
-250,-290,3
-475,-475,4
-525,-490,24
-470,-340,1
-475,-350,1
-535,-480,2
-550,-510,9
-435,-350,1
-500,-415,3
-535,-455,1
-570,-490,2
-570,-485,2
-585,-520,1
-380,-305,5
-325,-215,1
-510,-480,42
-335,-270,9
-475,-435,5
-485,-440,6
-5,125,3
-495,-490,8
-530,-520,8
-40,-120,39
-20,-120,27
-20,-125,19
-40,-110,61
-470,-430,8
-480,-425,4
-495,-455,6
-145,-225,5
-150,-215,8
-160,-220,7
-10,-90,57
-10,-110,36
-45,-115,68
55,-30,4
55,-25,10
-15,-125,17
-15,-130,13
30,-45,20
0,-135,7
5,-140,2
25,-65,8
30,-50,8
10,-65,35
15,-60,24
-5,-110,33
10,-75,32
10,-95,21
45,135,5
45,140,3
50,140,3
65,-30,4
90,5,4
100,15,8
20,-55,18
30,-55,10
105,50,7
115,45,6
120,35,3
120,30,4
130,30,1
175,130,17
110,20,5
0,-130,11
35,-30,27
0,-155,4
5,-105,13
5,-120,10
105,0,2
115,0,1
115,-5,1
115,5,1
120,15,1
120,20,2
125,40,4
10,-125,5
45,110,5
110,45,7
5,-125,14
85,0,2
90,20,3
135,200,1
135,205,1
10,-105,3
20,-75,19
185,190,135
205,170,58
210,170,13
135,50,2
140,45,1
150,55,1
155,60,1
160,75,1
165,80,1
170,85,2
170,90,1
180,90,1
205,180,91
80,-15,3
85,10,3
160,105,4
165,120,15
60,-10,14
75,-40,1
85,-20,4
95,20,3
25,-40,30
135,75,9
145,85,2
115,210,1
115,200,1
120,215,1
125,260,1
130,260,1
130,245,1
130,235,1
140,190,2
-15,-145,4
-15,-100,35
35,-60,7
40,-70,2
40,-65,5
105,35,4
85,-15,1
95,-20,1
95,-25,2
105,15,5
170,115,2
180,120,2
130,35,1
135,40,2
140,50,1
145,60,2
155,90,5
-10,-95,54
160,205,2
145,65,1
155,65,1
165,70,1
60,-50,2
60,-85,1
90,160,4
-60,-140,27
40,-35,7
40,-60,7
45,-60,2
40,-50,8
70,155,3
70,160,3
70,165,1
70,170,2
75,170,1
75,165,1
75,150,2
5,-155,1
5,-130,6
-35,-105,90
-125,-210,1
-130,-210,4
-135,-210,4
-25,-135,5
-305,-355,1
-325,-360,2
-455,-460,4
-475,-455,46
-135,-35,6
-145,-5,3
-145,0,1
25,-85,5
30,-70,8
35,-90,1
35,-100,2
40,-110,1
35,-120,1
40,-85,1
40,-80,1
40,-75,3
90,-15,3
105,10,2
115,40,6
55,-35,5
20,-85,24
100,35,2
10,-100,19
90,25,6
110,25,4
115,30,2
75,180,1
130,45,1
130,50,2
140,75,1
65,-15,8
55,-45,8
95,15,2
115,35,2
105,-15,1
10,-90,35
90,-30,2
90,-40,2
90,-50,1
90,-55,1
95,-50,3
95,-45,1
100,-50,2
105,-50,1
105,-35,1
105,-40,1
110,-15,4
110,0,1
35,-55,5
50,-55,2
85,-10,1
90,-5,5
90,-10,1
95,-10,2
95,0,4
115,25,1
130,40,2
145,50,1
145,55,1
40,-55,3
-150,-210,8
-155,-215,9
-260,-300,4
15,95,4
15,115,4
15,120,5
20,180,1
20,215,1
20,235,1
20,240,1
25,260,3
25,255,1
25,240,1
25,220,1
25,215,1
25,195,2
25,190,2
25,200,1
25,185,3
25,175,2
25,180,1
25,165,1
40,125,4
-15,-110,42
-20,-100,47
60,155,1
60,165,3
65,185,2
70,185,2
75,200,1
80,195,1
15,140,3
20,115,2
20,140,7
10,-120,3
35,160,6
40,175,4
40,170,2
40,145,3
50,150,2
-5,110,26
-10,150,1
-10,170,1
-10,185,1
-15,210,2
-20,215,1
-25,190,1
-25,180,1
-30,180,3
-30,175,1
-35,120,3
-35,110,4
-40,105,3
-20,-140,6
-10,135,1
-10,140,2
-5,145,2
-15,90,69
-20,115,5
-20,110,2
-60,70,7
-60,80,1
-60,45,19
-15,-115,30
-5,150,1
-30,65,14
35,155,5
35,150,4
35,165,2
40,160,3
40,150,2
-90,40,6
-95,20,9
-100,10,6
75,155,3
85,160,4
60,-35,6
60,-55,2
70,-75,1
80,-60,1
10,-110,7
20,-100,4
30,-60,11
30,-85,2
35,-85,5
35,-75,4
20,130,5
-10,115,6
-10,125,3
-70,25,20
-300,-245,29
25,-75,10
70,-25,4
-40,115,2
-55,-210,1
-60,-225,2
-60,-245,2
100,20,2
100,10,3
115,-15,1
90,-20,1
95,-5,2
100,5,3
55,-40,7
60,140,1
70,150,1
95,5,1
105,20,1
15,-135,2
30,135,3
30,125,1
-10,120,5
-15,-120,21
-40,-130,16
-35,-155,4
80,150,1
60,135,1
-25,-160,3
15,110,4
20,120,2
25,-95,3
65,-45,1
20,-80,18
-150,-255,1
-95,-195,1
-190,-265,1
-190,-270,1
-20,-130,8
-25,-125,17
-10,-150,5
-10,-135,8
-10,-130,21
-55,95,1
-55,110,1
-55,105,1
-60,90,1
-60,85,1
-60,65,7
-375,-305,11
-380,-310,11
-390,-325,8
-400,-330,6
-475,-395,2
-430,-375,3
-470,-420,1
-505,-440,1
-520,-460,1
-465,-390,2
-490,-410,2
-495,-415,1
-510,-420,1
-525,-440,1
-520,-465,2
-340,-285,12
-370,-295,3
-460,-410,2
-495,-445,5
-515,-460,5
-545,-480,1
-550,-485,1
-595,-510,1
-610,-520,1
-615,-525,1
-620,-530,1
-635,-535,1
-365,-300,6
-400,-340,8
-460,-405,1
-465,-405,2
-470,-405,1
-480,-410,2
-515,-435,1
-520,-435,1
-535,-445,2
-390,-330,6
-310,-240,9
-420,-355,2
-450,-380,2
-460,-385,5
-495,-420,1
-500,-430,1
-265,-190,5
-400,-335,7
-425,-355,4
-410,-340,4
-230,-165,15
-30,-155,2
-325,-260,11
-40,70,22
-15,95,40
-385,-315,9
-325,-250,3
-310,-250,18
-140,-40,6
-145,-40,12
-150,-50,6
-120,-20,8
10,120,15
10,130,13
-155,-50,12
-155,-55,10
-160,-40,8
-160,-45,4
-185,-85,5
-70,45,13
-75,60,4
-40,-165,2
-45,-195,1
-45,-205,2
-45,-200,1
-65,35,25
-70,60,5
-75,25,21
-305,-235,12
10,135,12
10,140,12
-75,30,14
-275,-200,5
-435,-365,3
-480,-405,1
-370,-310,10
-470,-410,3
-350,-275,1
-375,-320,9
-430,-345,2
-390,-335,6
-410,-350,6
-415,-350,4
-415,-345,6
-385,-305,3
-385,-325,7
-435,-370,1
-395,-320,6
-180,-60,7
-190,-75,2
-195,-85,2
-160,-60,9
-15,100,22
-65,50,13
-60,75,4
-60,125,1
-60,135,1
-60,180,1
-30,-175,1
-30,-185,1
-35,-205,1
-35,-200,1
-35,-185,2
-65,-245,1
-70,-260,1
-80,-275,1
-80,-235,1
-80,-225,1
10,145,3
10,150,2
10,155,3
10,170,2
10,195,1
10,210,1
10,205,3
10,175,1
-10,-145,7
-10,-155,6
-10,-160,4
-15,-160,4
-15,-165,2
-15,-170,2
-15,-155,4
-20,95,18
-45,-135,18
-405,-340,2
-145,-45,7
-30,105,3
-35,125,1
-440,-365,9
-455,-380,5
-455,-390,1
-15,-140,4
-15,-175,2
-85,-260,2
-90,-255,1
-90,-235,1
-20,-165,2
-25,-175,1
-25,-170,1
-35,-190,1
-40,-175,2
-115,-190,7
-435,-440,9
-160,-230,2
-160,-270,2
-180,-235,7
-150,-240,2
-160,-280,1
-125,-195,6
-130,-225,1
-140,-245,1
-145,-240,1
-150,-235,2
60,130,2
60,-80,2
-50,-170,4
-55,-155,5
-135,-195,17
-175,-230,7
25,160,1
25,170,1
25,-60,10
5,-135,4
-60,-185,1
35,-65,8
30,-75,9
35,-70,2
-10,-125,13
55,-55,2
65,-100,1
90,175,1
95,200,1
85,185,1
85,170,1
95,210,3
100,170,1
65,-60,2
70,-50,2
75,-35,1
60,-60,1
60,-95,1
60,-105,1
55,-95,1
55,-100,1
45,115,4
45,145,2
40,-100,2
40,-115,1
-10,-140,4
-120,-225,1
-35,-160,5
-45,-175,3
-70,-205,1
-75,-205,1
-85,-200,1
-85,-205,2
-90,-210,2
-90,-220,1
-95,-220,3
45,-65,3
45,-75,2
50,-75,1
50,-60,1
35,-80,1
-130,-200,12
60,160,1
65,160,1
65,165,1
110,-5,1
110,5,1
110,10,1
70,-65,1
85,-35,1
100,-20,1
105,-30,1
105,-25,1
110,-20,1
100,0,2
100,-5,1
105,-5,1
105,5,2
85,175,1
-25,-145,2
-10,-165,7
-35,-170,2
-320,-245,3
-150,-40,6
-150,-35,3
-150,-30,5
-155,-35,9
-160,-55,6
-65,40,18
-65,75,4
-80,65,1
-80,45,8
-80,35,9
-110,-245,1
-110,-240,1
-65,-200,1
-20,-160,2
-35,105,1
-35,75,33
-50,50,18
-80,-175,5
-155,-40,6
-210,-105,6
-210,-90,7
-210,-80,4
-215,-75,1
-220,-70,1
-125,-200,2
-130,-215,2
-130,-220,1
-30,-150,3
-95,-235,1
-100,-245,1
-45,-165,1
-50,-175,2
-80,20,14
-90,15,8
-105,0,16
-55,-180,2
30,-65,8
-115,-180,8
-545,-510,26
-570,-525,4
25,-70,11
-35,-255,1
-95,40,2
-165,-65,5
-125,-15,7
-85,35,9
-160,-10,1
-220,-110,5
-55,60,16
-100,20,8
-195,-100,13
-235,-120,4
-195,-95,5
-90,10,11
-70,30,14
-90,30,4
-110,-10,8
-205,-90,5
-85,10,20
-270,-180,6
-130,30,1
-245,-135,5
-245,-140,4
-320,-220,1
-285,-190,6
-225,-115,7
-260,-165,7
-110,-5,5
-175,-70,5
-110,0,9
-120,-5,9
-215,-85,3
-225,-70,1
-180,-75,9
-250,-145,3
-275,-145,3
-200,-90,8
-75,35,16
-315,-230,3
-105,30,2
-295,-185,3
-315,-225,2
-145,-35,7
-130,-25,5
-125,-20,4
-95,10,9
-165,-60,6
-200,-85,6
-165,-55,7
-140,-30,8
-205,-100,7
-335,-250,1
-360,-250,3
-305,-200,3
-180,-50,4
-345,-265,2
-350,-210,1
-135,-25,11
-575,-540,25
-545,-540,1
-535,-490,3
-360,-520,1
-525,-525,2
-500,-500,5
-475,-430,5
-535,-535,2
-515,-525,1
-510,-495,13
-560,-515,5
-620,-570,4
-665,-635,2
-595,-555,17
-510,-500,6
-615,-585,7
-55,115,1
-135,25,1
35,-190,1
130,-105,1
-80,230,1
-100,-215,1
-45,85,3
-125,0,12
-515,-515,4
-440,-445,4
-500,-490,16
-295,-340,1
-530,-525,5
-485,-500,1
-150,-230,2
230,190,6
-85,-185,1
-205,-285,3
-165,-230,5
-185,-255,1
-215,-280,1
-120,-200,1
-220,-295,2
-165,-250,2
-170,-245,2
-215,-290,1
-155,-220,3
-135,-200,7
-210,-295,1
-190,-255,3
-185,-260,2
-220,-315,1
-175,-245,1
-260,-315,1
-130,-190,9
-200,-270,1
-175,-250,1
-140,-20,6
145,185,18
-65,-235,1
-5,-250,1
275,295,1
240,200,3
340,295,1
170,275,1
5,-195,1
-115,135,1
155,50,1
25,-80,9
20,-105,1
20,-130,1
-30,-220,1
-5,-175,2
50,-50,2
5,-190,1
-5,-215,1
10,-130,2
-20,-205,1
10,-145,2
0,-175,1
0,-140,4
15,-150,1
-15,-195,2
-15,-180,1
5,-160,2
-110,145,1
45,-85,1
-5,-155,2
-10,-180,1
10,-350,1
5,-185,2
10,-185,1
-15,-230,2
-30,-230,1
-140,-250,2
-170,-285,1
35,145,4
-100,-210,1
-75,-230,1
-45,-225,1
-95,-255,1
-200,-305,1
-80,-330,1
-65,-265,1
-50,-195,1
-35,-180,1
-55,-205,2
-75,-220,2
-35,-175,1
-60,-210,2
-75,-215,1
-50,-155,1
-55,-165,2
-5,-145,1
-50,-225,1
-70,-215,1
-80,-240,1
-30,-160,1
-70,-210,1
-70,-190,1
-25,-150,1
-65,-185,2
-25,-210,1
-60,-190,1
-20,-280,1
-80,-205,1
-55,-190,2
-40,-170,1
-60,-220,1
-115,-285,1
-105,-215,1
-60,-180,2
-55,-185,1
-155,-245,1
-125,-235,1
-10,-190,1
-25,-205,1
-80,-265,1
-90,-225,1
-110,-220,1
-45,-180,1
-85,-225,1
-125,-255,1
-30,-190,3
-50,-215,1
-65,-220,1
-105,-270,1
-120,-210,1
80,-50,1
-100,-270,1
-155,-240,1
-80,-220,1
-70,-200,1
-40,100,2
-60,-265,1
-60,-240,1
-95,-210,1
-60,-205,1
-60,-200,1
190,210,2
180,195,1
180,205,3
90,-95,1
185,205,1
-185,-360,1
-5,135,2
65,305,1
135,370,1
-315,135,1
-505,325,1
-310,-365,1
-50,-230,1
-400,30,1
-80,-310,1
-90,-355,1
-55,120,1
5,165,1
-40,110,1
215,220,26
205,215,8
40,-105,1
105,170,1
200,195,40
210,210,65
225,210,3
195,200,106
210,200,9
260,200,1
215,200,7
215,205,7
220,210,5
200,200,95
195,195,97
225,225,36
210,205,30
195,170,142
205,190,9
190,190,115
220,215,24
230,220,5
230,200,45
195,205,25
-125,95,1
-190,40,1
-40,130,1
-15,145,1
-45,110,1
-25,-320,2
-100,-390,1
-10,-305,2
-80,-370,1
30,-280,10
-10,-340,8
25,-285,15
-15,-335,48
20,-295,22
-40,-345,9
15,-305,18
-15,-345,17
35,-275,10
-30,-330,10
10,-295,18
-70,-365,2
-30,-370,11
35,-280,10
-20,-355,8
25,-290,16
-40,-370,19
-35,-350,23
0,-310,39
-65,-350,1
-60,-335,1
0,-295,3
-50,-360,9
-5,-310,14
-40,-360,20
-20,-335,43
20,-290,23
20,-285,14
10,-300,32
35,-285,6
55,-275,1
25,-295,12
25,-325,1
15,-290,17
10,-325,3
-30,-360,22
-10,-325,50
-50,-365,12
-60,-380,18
5,-315,30
-25,-330,15
-5,-315,29
10,-305,26
-45,-335,3
10,-320,8
-70,-400,18
-85,-380,1
15,-300,25
-65,-385,13
30,-285,17
-70,-380,9
15,-285,6
-85,-395,9
5,-285,2
-105,-405,1
-40,-385,3
30,-300,3
-35,-390,3
-55,-370,8
30,-295,6
-10,-355,3
-20,-320,4
-25,-360,9
5,-335,7
5,-305,28
-25,-325,7
-35,-355,17
-20,-330,23
40,-260,3
-30,-340,22
30,-270,6
-60,-385,17
10,-290,8
-5,-380,1
20,-270,1
-45,-355,8
30,-275,8
20,-275,6
-45,-350,5
25,-270,4
-10,-335,42
45,-275,2
55,-265,1
50,-270,2
-20,-325,22
-10,-320,28
-65,-380,10
20,-300,20
-20,-340,36
-30,-335,10
-5,-305,7
-80,-385,5
5,-300,10
-85,-405,9
5,-310,30
-75,-410,7
15,-295,22
-40,-340,7
-35,-365,21
-25,-340,20
-5,-330,40
0,-315,39
-25,-355,19
-20,-350,10
-5,-355,3
-45,-360,8
10,-310,25
-30,-355,14
-5,-325,61
-70,-395,14
-15,-320,26
-40,-365,24
-65,-355,1
-65,-375,10
0,-325,40
-75,-395,15
-60,-365,5
-50,-380,20
-55,-345,3
-10,-370,1
-55,-360,3
-40,-375,18
-75,-390,14
-95,-405,6
-10,-315,25
-30,-325,3
-120,-425,1
-90,-400,7
-110,-430,3
-110,-440,3
5,-320,20
-95,-415,3
-110,-415,1
10,-285,2
-90,-365,1
10,-280,1
-80,-375,1
-60,-370,5
-45,-345,4
0,-305,15
-45,-365,15
-65,-360,1
25,-275,8
-35,-340,10
15,-320,4
20,-280,4
-30,-350,17
25,-300,9
25,-305,1
-25,-335,22
15,-310,9
-35,-370,21
-15,-350,11
40,-280,4
35,-290,4
45,-270,3
40,-265,4
45,-280,2
-35,-335,4
-5,-320,52
20,-310,5
0,-320,38
0,-335,6
-10,-330,60
5,-325,7
5,-330,4
10,-315,16
20,-325,1
-15,-360,5
-25,-345,28
-50,-370,14
-45,-370,17
-15,-330,44
-55,-385,19
-70,-385,6
-75,-400,12
-30,-345,22
-80,-405,10
-100,-420,2
-45,-340,1
-105,-395,1
-5,-335,14
-10,-350,7
-20,-345,18
50,-280,2
-40,-390,4
-25,-370,3
-95,-420,3
-90,-385,3
-55,-365,10
-60,-375,10
-75,-375,2
-15,-310,2
-85,-385,3
-60,-395,9
-50,-390,10
-30,-380,1
-100,-400,1
-95,-395,2
-85,-390,3
-10,-310,3
15,-315,8
-70,-390,16
-100,-395,1
-20,-315,2
-85,-410,9
-75,-385,4
-105,-420,2
-90,-420,5
-40,-380,11
-15,-340,18
-85,-400,3
-50,-395,4
-70,-375,6
-55,-355,2
-5,-295,1
-35,-310,2
-15,-325,24
-95,-425,3
-90,-425,4
-35,-345,6
-105,-430,2
-85,-420,2
-15,-315,5
-15,-375,1
-100,-415,4
-115,-435,2
-120,-430,1
-90,-405,3
-70,-420,1
-25,-350,21
-100,-425,4
-90,-415,10
-80,-400,9
-110,-435,2
-110,-425,1
-40,-355,14
-75,-405,10
-40,-350,7
-55,-375,16
-65,-390,13
-85,-415,3
-60,-390,20
-45,-375,19
-55,-390,7
-65,-400,10
-150,-465,1
-125,-430,1
-120,-445,1
-100,-430,5
-70,-410,8
-85,-425,2
-80,-415,8
-50,-375,20
-45,-380,8
-55,-395,14
-55,-380,23
-60,-400,9
-45,-385,13
-80,-395,3
-70,-405,6
-80,-420,3
-65,-395,18
-75,-415,2
-90,-410,2
-65,-405,5
-95,-435,1
-35,-360,13
-50,-385,13
-15,-355,5
-10,-360,3
0,-330,15
-30,-365,11
-35,-380,4
-10,-345,9
-55,-400,2
-60,-405,2
-35,-375,9
-30,-375,1
0,-350,2
-45,-390,6
-30,-395,1
-80,-410,5
-20,-365,3
-25,-365,1
-5,-345,3
0,-300,4
-70,-370,2
-5,-340,8
30,-290,6
25,-320,1
5,-295,7
35,-295,2
35,-325,1
20,-330,1
5,-290,1
-65,-365,2
-65,-345,1
-50,-355,4
40,-285,2
20,-305,6
-5,-350,2
-40,-335,3
-95,-410,4
-135,-435,1
-35,-330,1
-115,-410,2
-80,-365,2
-5,-300,2
-50,-350,4
-105,-415,1
-105,-425,2
0,-360,1
35,-270,6
15,-275,2
30,-315,2
25,-280,9
45,-285,1
25,-315,1
40,-275,4
60,-280,1
0,-340,1
10,-330,1
-20,-360,6
-75,-380,2
-30,-320,1
30,-260,1
40,-270,2
45,-255,1
-80,-390,4
-55,-340,1
15,-325,1
30,-305,2
50,-255,1
70,-235,1
-5,-365,1
-115,-440,3
-110,-450,1
-105,-410,1
-110,-410,1
-95,-430,1
-105,-435,1
-65,-370,4
-95,-400,2
-115,-415,1
-125,-445,2
-115,-445,1
-110,-460,1
-115,-420,1
-125,-455,1
-70,-415,2
-65,-410,1
-65,-415,1
-35,-385,2
5,-340,1
-5,-360,1
-55,-405,1
-10,-365,1
-15,-365,2
-85,-435,1
-50,-340,1
-90,-395,2
5,-360,1
-45,-395,1
-75,-370,1
30,-310,1
50,-260,1
40,-295,1
-70,-355,1
25,-265,1
-110,-385,1
20,-265,1
15,-280,1
0,-355,1
15,-340,1
50,-70,1
75,-45,1
80,-45,1
95,-30,1
125,0,1
140,10,1
-575,-560,7
-595,-580,7
-505,-500,6
-465,-470,1
150,245,1
-490,-455,17
-525,-515,5
-465,-465,3
-190,25,1
-200,-355,1
-500,-505,1
-535,-520,11
175,315,1
-550,-540,5
-580,-545,18
-535,-525,7
-215,-90,8
-245,-130,4
-180,-65,6
-390,-285,1
-320,-205,3
-315,-200,4
-440,-295,1
-310,-205,2
-290,-185,1
-280,-170,1
-295,-180,4
-205,-95,5
-220,-115,4
-225,-120,2
-210,-110,2
-170,-45,6
-180,-70,3
-170,-55,11
-250,-140,5
-230,-125,4
55,180,1
-190,-80,3
-235,-130,4
-55,45,21
-55,55,14
-250,-150,7
-275,-165,3
-260,-155,4
-55,65,9
-50,280,1
-280,-175,2
-85,55,1
-180,-85,6
-210,-100,4
-310,-215,2
-230,-120,1
-310,-220,2
-300,-190,2
-420,-305,1
-455,-340,1
-340,-230,1
-230,-115,5
-290,-180,3
-215,-110,4
-280,-165,2
-235,-125,3
-345,-235,1
-215,-95,9
-255,-155,4
-185,-65,5
-325,-220,2
-135,-30,5
-335,-225,1
-200,-95,6
-70,35,17
-80,30,5
-125,-10,4
-285,-165,4
-325,-210,3
-200,-60,2
-185,-75,2
-255,-140,2
-240,-125,5
-725,-85,1
-285,-180,2
-400,-290,1
-275,-155,2
-240,-120,3
245,240,6
-440,-390,3
-545,-475,3
-335,-445,1
-310,-470,1
-450,-525,1
-385,-610,1
-485,-425,1
-560,-535,8
-495,-460,12
-545,-495,3
-530,-495,29
-625,-610,4
-675,-640,3
-525,-510,5
-460,-415,7
-635,-600,4
-580,-575,2
-555,-545,3
-580,-550,15
-585,-560,7
-525,-485,9
-650,-615,5
220,205,3
215,185,65
225,205,9
220,200,14
215,195,29
230,210,2
230,215,3
220,190,55
210,185,78
210,180,77
215,180,36
205,175,98
55,235,1
140,360,1
125,175,2
175,205,11
140,185,6
200,165,43
220,180,13
215,175,12
230,180,2
220,185,32
220,175,4
230,195,27
200,155,7
20,-110,4
45,-80,1
30,-100,2
15,-120,4
20,-115,1
20,-120,2
20,-125,1
30,-105,1
10,-115,1
35,-105,1
25,-105,2
25,-100,2
25,-90,1
15,-115,1
30,-90,1
45,-55,2
15,-130,1
-30,-165,1
-110,-275,1
-205,-295,1
-180,-290,1
-540,-530,1
-415,-435,1
-580,-570,3
-95,-305,1
-145,-295,1
-125,-280,1
-20,-220,1
-65,-205,1
-145,50,1
-555,-520,24
-560,-525,38
-485,-450,22
-645,-615,2
-535,-495,1
-515,-480,23
-555,-515,9
-710,-665,3
-510,-455,1
-660,-625,2
-610,-570,14
-565,-525,13
-600,-560,12
-645,-605,11
-615,-590,5
-590,-555,16
-595,-560,15
-540,-510,22
-515,-465,1
-570,-535,27
-570,-530,15
-565,-535,11
-510,-475,14
-620,-590,7
-505,-470,22
-520,-475,3
-605,-580,11
-615,-580,16
-510,-470,7
-565,-530,24
-635,-590,4
-690,-655,2
-700,-655,3
-690,-640,5
-520,-480,3
-595,-565,8
-500,-465,14
-590,-565,10
-570,-550,8
-595,-575,5
-455,-480,1
-575,-545,13
-530,-530,1
-600,-565,11
-590,-570,3
-695,-660,4
-580,-560,4
-600,-580,3
-540,-540,1
-585,-575,3
-610,-600,1
-610,-590,2
-560,-545,4
-310,220,1
-615,-595,2
-630,-605,3
-125,-220,1
-620,-600,4
-640,-625,1
-570,-575,1
-540,-495,5
270,345,1
105,-100,1
235,-125,1
370,335,1
-450,-400,3
-525,-480,3
-400,-235,1
-515,-475,3
55,200,2
145,390,1
50,240,1
175,430,1
305,295,1
-95,15,7
-140,-275,1
-575,-565,1
-735,-705,1
-610,-595,2
-585,-570,4
-630,-610,2
-680,-650,1
-670,-635,3
300,280,1
-665,-625,7
-595,-585,1
-655,-620,4
-615,-570,7
-635,-595,15
-685,-650,2
230,225,10
260,250,2
285,270,1
295,275,1
-630,-580,1
320,305,1
90,-25,1
-615,-600,3
-655,-630,2
-600,-575,2
-630,-600,7
-610,-585,6
-625,-590,8
-590,-575,3
-605,-560,5
-665,-620,4
-635,-585,3
-620,-565,1
-600,-555,4
-630,-590,12
-605,-555,2
-650,-595,3
-725,-685,4
-745,-710,1
-620,-585,8
-590,-540,2
-640,-610,3
-650,-610,4
-615,-575,14
-635,-605,4
-625,-580,5
-640,-595,7
-580,-540,14
-525,-495,34
-620,-575,3
-655,-605,4
-620,-580,7
-540,-505,26
-530,-490,5
-685,-645,2
-730,-695,1
-720,-670,3
-720,-675,4
-730,-680,3
-670,-610,1
-585,-535,2
-585,-545,13
-580,-535,4
-595,-550,1
-640,-600,6
-655,-610,8
-585,-540,5
-650,-600,1
-630,-595,6
-690,-650,1
-730,-675,1
-705,-655,2
-735,-695,2
-610,-575,8
-675,-625,4
-670,-625,3
-695,-655,1
-625,-575,1
-675,-630,4
-705,-675,1
-750,-710,1
-745,-700,1
-745,-695,4
-720,-680,1
-610,-565,7
-575,-535,11
-630,-585,6
-645,-595,1
-575,-520,2
-580,-510,1
-510,-460,4
-540,-500,7
-655,-615,6
-705,-660,4
-545,-505,5
-730,-685,2
-710,-675,2
-540,-490,2
-480,-440,5
-530,-485,4
-610,-580,11
-595,-540,1
-375,-435,1
-480,-535,1
-540,-535,2
-700,-660,1
-605,-590,2
-490,-495,1
-675,-635,4
-700,-675,1
-650,-640,1
-550,-520,15
-635,-615,2
-575,-555,2
-695,-650,2
-715,-680,1
-640,-615,1
-740,-710,1
-745,-705,1
-685,-655,3
-695,-640,3
-720,-665,1
-770,-720,1
-750,-690,1
-765,-700,1
-780,-715,1
-660,-610,3
-615,-565,3
-605,-550,1
-680,-630,3
-690,-635,1
-650,-605,4
-645,-600,3
-655,-595,1
-590,-545,2
-645,-590,1
-660,-600,1
-690,-645,2
-565,-520,3
-560,-505,2
-755,-700,1
-535,-485,1
-670,-620,3
-675,-620,1
-705,-665,2
-725,-675,1
-765,-695,1
-765,-710,1
-750,-705,2
-710,-660,3
-715,-665,3
-740,-700,2
-780,-720,2
-760,-715,3
-705,-650,1
-700,-650,3
-755,-705,1
-735,-680,1
-735,-685,1
-775,-730,1
-710,-695,1
-740,-725,1
-765,-725,1
-770,-735,1
-775,-715,3
-780,-730,1
-785,-725,1
-750,-695,2
-755,-710,1
-740,-685,1
-740,-690,1
-790,-730,1
-760,-700,1
-660,-590,1
-750,-685,1
-680,-640,3
-690,-660,1
-740,-680,1
-735,-675,1
-555,-510,3
-660,-615,6
-565,-515,1
-545,-490,3
-525,-475,1
-510,-465,2
-570,-520,2
-635,-620,1
-650,-620,2
-780,-725,1
-510,-505,3
-645,-625,1
-675,-660,1
-605,-595,1
-660,-645,1
215,215,46
0,195,1
-345,-400,1
-680,-645,1
-720,-685,1
-650,-625,3
-730,-705,1
-695,-670,1
-560,-550,1
-555,-550,1
-675,-655,1
-645,-620,1
-610,-555,1
-660,-605,2
-550,-500,2
-655,-600,1
-575,-525,2
-660,-620,6
-345,-510,1
-595,-545,1
-570,-505,1
-640,-585,1
-445,-400,4
-505,-450,1
-455,-405,6
-525,-470,1
-620,-560,1
-635,-555,1
-655,-640,1
-635,-580,1
-460,-420,4
-600,-550,1
-680,-635,4
245,215,18
235,175,1
205,165,21
385,385,1
-475,-500,1
230,205,29
240,205,14
245,210,18
255,230,1
260,230,8
270,235,2
80,170,1
-565,-555,2
335,325,1
255,220,3
-500,-530,1
225,230,20
-580,-530,1
-110,10,6
-145,-15,4
-200,-80,4
-245,-125,1
-340,-210,4
-275,-160,4
-280,-155,5
-400,-260,2
-205,-85,8
-290,-165,5
-265,-140,2
-380,-250,2
-270,-150,2
-380,-245,1
-405,-275,1
-335,-205,2
-260,-135,5
-365,-220,1
-175,-50,7
-50,55,22
-145,-25,7
-225,-100,5
-425,-290,1
-370,-250,2
-275,-150,2
-375,-235,1
-130,0,2
-120,5,5
-190,-55,3
-75,45,7
-175,-40,2
-140,-25,5
-240,-100,1
-110,5,7
-185,-50,2
-145,-10,2
-235,-90,2
-130,-5,7
-75,40,14
-140,-15,3
-115,5,9
-210,-75,1
-155,-20,4
-210,-85,3
-265,-135,1
-305,-180,1
-270,-145,4
-270,-155,2
-385,-255,2
-355,-225,2
-290,-170,3
-410,-270,1
-245,-120,3
-260,-125,2
-135,-10,4
-225,-95,5
-165,-50,5
-265,-145,2
-220,-105,8
-340,-205,1
-315,-175,1
-160,-35,7
-195,-80,4
-165,-35,4
-65,55,10
-55,70,8
-265,-130,2
-175,-55,3
-215,-100,4
-180,-40,1
-220,-95,3
-85,30,5
-170,-50,8
-135,-20,6
-130,-10,6
-250,-130,2
-240,-105,6
-365,-250,1
-335,-215,2
-95,25,6
25,140,4
-180,-45,1
-360,-235,1
-20,105,5
-195,-65,1
-90,25,11
-320,-200,4
-45,80,6
-40,95,3
-65,70,2
-80,50,3
-165,-40,6
-145,-30,6
-305,-190,3
-100,15,7
30,155,4
55,175,3
-145,-20,4
-100,35,2
-55,75,6
25,145,6
-50,85,2
-85,65,1
-50,75,3
-100,25,6
-215,-105,6
-200,-75,4
-25,105,5
-85,40,4
-150,-25,3
-235,-105,3
-100,30,9
-180,-55,3
-70,40,13
-115,0,5
-35,100,3
-105,10,4
-15,110,6
-60,55,14
-75,50,6
-105,35,1
-80,40,9
-70,50,3
-40,90,4
-65,65,3
50,170,2
35,175,2
75,210,1
30,140,1
-50,90,1
-115,-5,3
-70,80,2
-15,130,1
-45,100,1
-105,45,1
30,150,3
45,150,1
40,140,1
-20,120,2
30,165,3
60,195,3
65,180,2
110,230,1
120,240,2
60,180,3
100,225,1
65,205,2
120,260,1
55,170,2
85,225,1
30,170,1
50,190,1
60,185,3
50,175,1
70,195,2
55,190,1
40,165,3
80,200,1
20,155,1
45,175,2
25,150,9
50,165,1
45,160,2
20,160,2
30,160,3
45,165,2
-50,70,8
-45,70,9
-85,25,5
-120,0,9
-105,15,4
-55,80,6
-120,-10,5
-125,-5,5
-45,75,6
-90,35,6
-195,-70,4
45,155,3
-15,115,4
-150,-15,3
-160,-30,4
-285,-145,1
-205,-75,3
-205,-80,4
-335,-210,2
-280,-150,3
-325,-195,2
-230,-110,9
-375,-245,1
-115,15,1
-175,-45,5
-220,-85,3
-190,-70,2
-285,-155,3
-285,-175,1
-125,5,5
-270,-140,4
-150,-20,4
-155,-25,3
-195,-75,4
-290,-160,5
-295,-160,1
-220,-90,4
-340,-220,2
-225,-105,5
-350,-215,3
-255,-120,2
-385,-250,2
-350,-230,1
-330,-180,1
-310,-180,1
-320,-180,1
-275,-140,1
-140,-10,5
-310,-185,3
-320,-190,1
-330,-205,3
-330,-195,2
-380,-235,1
-320,-185,3
-365,-240,3
-185,-70,4
-280,-145,1
-315,-190,2
-210,-95,5
-240,-130,3
-355,-235,1
-235,-115,2
-355,-215,1
-260,-145,1
-385,-245,1
-400,-270,2
-400,-275,2
-395,-265,1
-265,-150,1
-390,-260,1
-440,-315,1
-520,-395,1
-280,-160,3
-400,-265,1
-360,-240,2
-295,-170,1
-255,-135,2
-345,-210,1
-355,-230,1
-510,-370,1
-325,-205,1
-465,-325,1
-430,-300,2
-310,-195,3
-450,-320,2
-395,-255,1
-405,-280,1
-460,-325,1
-435,-310,2
-250,-125,1
-95,30,3
-325,-190,2
-245,-115,4
-200,-70,2
-330,-210,1
-485,-345,1
-465,-340,1
-345,-220,2
-50,80,3
-110,15,3
-365,-215,1
-435,-320,1
-425,-285,1
-95,55,1
-215,-80,1
-495,-345,1
-390,-280,1
-555,-430,1
-85,45,1
-170,-35,1
-165,-45,4
-300,-175,2
-310,-190,2
-325,-185,1
-290,-175,4
-185,-35,1
-290,-135,1
-335,-200,1
-110,25,3
-225,-110,2
-315,-185,2
-300,-180,5
-365,-265,1
-415,-280,1
-255,-130,2
-370,-230,1
-360,-225,2
-430,-295,1
-385,-265,1
-275,-135,1
-410,-285,1
-110,20,4
-185,-45,3
-125,10,2
-370,-240,1
-185,-55,1
-120,15,3
-135,0,2
-170,-30,2
-300,-160,1
-75,55,1
-135,-15,4
-300,-170,2
-295,-175,2
-70,55,3
55,165,2
-150,-10,2
80,190,1
5,145,1
60,175,2
35,170,1
65,190,1
95,230,1
80,210,1
0,150,1
35,220,1
60,335,1
50,180,1
40,180,1
-250,-135,2
-245,-105,1
-240,-110,1
-490,-370,1
-355,-245,1
-435,-295,1
-285,-170,1
-435,-300,1
-370,-245,1
-380,-255,1
-430,-310,1
-400,-285,1
-235,-100,1
-255,-125,3
-350,-205,1
-315,-180,2
-240,-115,1
-220,-80,1
-320,-170,1
-95,35,3
-395,-285,1
-475,-345,1
-315,-195,1
-440,-300,1
-440,-305,1
-330,-220,1
-485,-370,1
-400,-255,1
-370,-260,1
-250,-120,1
-375,-240,1
-590,-530,1
-510,-450,1
-535,-475,2
-600,-535,1
-495,-450,2
-595,-525,1
-585,-525,1
-490,-425,1
-490,-440,3
-625,-550,1
-495,-425,1
-530,-480,1
-500,-445,2
-555,-470,1
135,45,1
-105,115,1
-565,-505,1
-660,-595,1
-715,-670,3
-390,-315,8
-10,190,1
200,270,1
110,345,1
255,380,1
-520,-525,1
290,260,1
180,190,61
190,140,4
-475,-410,1
-450,-385,1
-495,-430,1
-510,-445,1
-530,-475,1
-495,-440,1
-480,-415,1
225,185,6
205,160,2
225,190,25
235,200,12
220,195,46
225,200,35
225,195,46
200,145,1
-145,-215,1
-35,-250,1
-50,-270,1
-315,-240,1
-160,-25,2
-45,95,1
-130,5,1
-140,-5,2
-295,-95,1
-115,10,3
-70,70,2
-225,-90,2
-195,-60,1
-200,-65,2
-165,-30,2
-100,40,1
-140,0,1
-115,20,2
-125,15,1
-160,-15,1
-70,65,1
-205,-60,1
-190,-60,1
-260,-130,1
-300,-165,1
-190,-50,1
-165,-25,1
-65,-230,1
-85,-250,1
110,30,1
0,225,1
15,-145,1
10,-140,1
-665,-630,1
-665,-615,2
-770,-715,1
-685,-640,1
-740,-695,1
-760,-710,1
-765,-720,1
-750,-700,1
-795,-740,1
-710,-670,1
-725,-680,1
-325,-365,1
-270,-315,1
5,-215,1
245,205,3
235,205,30
240,210,21
235,195,4
195,145,1
200,150,1
235,210,15
240,215,12
210,190,22
255,225,6
245,220,9
250,220,15
250,215,11
260,225,2
255,215,1
265,225,1
250,210,1
260,235,1
210,165,4
215,170,6
225,180,1
220,170,2
270,230,1
210,320,1
220,365,1
235,215,4
265,235,2
250,225,6
270,240,1
160,45,1
175,-50,1
180,-50,1
210,215,44
205,210,58
210,220,6
200,210,10
220,220,42
220,225,24
230,230,18
215,225,4
230,240,2
265,230,2
240,220,1
-445,-365,3
-465,-380,1
190,225,8
195,225,4
195,230,11
185,215,12
185,220,13
200,235,7
205,235,3
180,215,16
190,220,7
210,245,3
205,240,2
225,260,1
230,265,1
215,250,2
170,200,14
215,245,5
-410,-330,1
-390,-320,5
-435,-360,2
-445,-370,2
-450,-375,3
-470,-400,1
-345,-275,1
-410,-335,5
-435,-355,2
-425,-345,3
-455,-385,1
-470,-395,1
-515,-430,1
-430,-355,4
170,220,1
175,215,3
180,220,5
185,225,3
220,255,1
200,230,2
195,235,1
210,240,1
185,210,1
195,220,1
-480,-400,1
-485,-410,1
-450,-370,2
-455,-375,3
-505,-420,1
-420,-340,1
250,250,6
240,245,3
235,235,15
240,240,11
230,235,7
235,230,8
235,240,4
255,255,6
255,260,1
240,235,9
220,230,1
225,215,5
235,225,4
240,230,2
255,245,3
260,260,2
245,250,1
250,255,2
265,265,1
250,245,4
245,245,5
260,265,1
245,235,1
265,260,2
-485,-435,2
-540,-485,1
-560,-500,1
-520,-470,1
-555,-500,1
-505,-455,3
-655,-625,1
-700,-665,1
-725,-690,1
155,85,1
30,-150,1
30,-180,1
30,-225,1
245,190,1
315,270,1
260,220,1
235,180,1
240,195,1
165,95,1
285,245,1
270,225,1
255,200,1
340,290,1
240,190,1
