lo,hours,prop
0,7126.58333333333,0.185005148706766
100,3393.5,0.088094805430804
200,2995.66666666667,0.0777671053884029
300,2519.16666666667,0.0653972292169639
400,2144,0.0556579528049635
500,1815.58333333333,0.0471323001306647
600,1591.58333333333,0.0413172901361162
700,1372.5,0.0356299161496327
800,1259.16666666667,0.032687797997629
900,1143.16666666667,0.0296764535361664
1000,1072.16666666667,0.027833303046823
1100,961.333333333333,0.024956084559937
1200,909,0.0235975182368059
1300,827.416666666667,0.0214796258317974
1400,831.583333333333,0.0215877919403269
1500,751.916666666667,0.019519655945242
1600,678.75,0.0176202590794632
1700,670,0.0173931102515511
1800,622.25,0.0161535266478025
1900,551.166666666667,0.0143082128362884
2000,489.333333333333,0.01270302778571
2100,443.166666666667,0.0115045473032026
2200,405.666666666667,0.0105310523264367
2300,398.166666666667,0.0103363533310835
2400,355,0.00921575244671738
2500,341.166666666667,0.00885664096639928
2600,311.5,0.00808649827366891
2700,274.333333333333,0.00712165658558535
2800,258.916666666667,0.00672144198402603
2900,244.25,0.00634069728200203
3000,206,0.00534773240570079
3100,174.333333333333,0.00452566998087623
3200,154.166666666667,0.00400214601559323
3300,135,0.00350458191635731
3400,140.083333333333,0.00363654456876336
3500,108.5,0.0028166454661094
3600,102.333333333333,0.00265655962548567
3700,80.5833333333333,0.00209193253896143
3800,71.0833333333333,0.00184531381151407
3900,64.6666666666667,0.00167873800437856
4000,46.75,0.00121362373770151
4100,47.75,0.0012395836037486
4200,40.3333333333333,0.00104704793056601
4300,38.9166666666667,0.00101027145366597
4400,30.4166666666667,0.000789612592265691
4500,34.8333333333333,0.00090426866730701
4600,28.6666666666667,0.000744182826683281
4700,21.9166666666667,0.000568953730865415
4800,36.75,0.000954025077230602
4900,22.25,0.000577607019547779
5000,23.8333333333333,0.000618710140789007
5100,29.6666666666667,0.000770142692730372
5200,21.5,0.000558137120012461
5300,21,0.000545157186988915
5400,24,0.000623036785130189
5500,9.83333333333333,0.00025527201612973
5600,13.5,0.000350458191635731
5700,9,0.000233638794423821
5800,4.83333333333333,0.000125472685894274
5900,4,0.000103839464188365
6000,16.5,0.000428337789777005
