flight,bin,n,hours,prop,n_tags
FALSE,"[-Inf,0)",5687531,1318702.25,0.739501156747864,274
FALSE,"[0,100)",1305992,331071.083333333,0.185657868628622,274
FALSE,"[100,250)",398541,77819.6666666667,0.0436396718954057,274
FALSE,"[250,500)",155960,35285.6666666667,0.0197874776634525,274
FALSE,"[500,1e+03)",141166,18582.9166666667,0.0104209182707841,274
FALSE,"[1e+03,1.5e+03)",12312,1497.66666666667,0.000839860728547872,274
FALSE,"[1.5e+03,2e+03)",1824,269.75,0.000151270263649536,274
FALSE,"[2e+03,3e+03)",35,3.16666666666667,1.77580167398281e-06,274
TRUE,"[0,100)",24984,7126.58333333333,0.185005148706766,274
TRUE,"[100,250)",17452,4961.08333333333,0.12878905878179,274
TRUE,"[250,500)",20854,6091.25,0.158128034059344,274
TRUE,"[500,1e+03)",23474,7182,0.186443757950209,274
TRUE,"[1e+03,1.5e+03)",14803,4601.5,0.11945432361569,274
TRUE,"[1.5e+03,2e+03)",10479,3274.08333333333,0.0849947647603472,274
TRUE,"[2e+03,3e+03)",11437,3521.5,0.0914176682848317,274
TRUE,"[3e+03,4e+03)",3785,1236.75,0.03210586433374,274
TRUE,"[4e+03,5e+03)",852,348.583333333333,0.00904917663958187,274
TRUE,"[5e+03,6e+03)",322,161.166666666667,0.00418386507792286,274
TRUE,"[6e+03, Inf)",33,16.5,0.000428337789777005,274
