id,n_soundings,n_levels
AEM00041217,1426,8079
AGM00060390,726,4818
AGM00060571,353,1709
AGM00060630,366,2017
AGM00060656,360,2010
AGM00060680,365,1678
AOM00066160,672,3091
AQM00091765,1166,70713
ARM00087155,700,4453
ARM00087344,729,3910
ARM00087418,701,3718
ARM00087623,651,3620
ARM00087715,700,3758
ARM00087860,704,4309
ASM00094120,1452,9401
ASM00094155,393,2394
ASM00094170,400,2663
ASM00094203,719,4687
ASM00094299,1408,9432
ASM00094302,1405,9078
ASM00094312,404,2639
ASM00094326,411,3325
ASM00094332,414,2296
ASM00094403,407,2704
ASM00094430,348,1896
ASM00094461,1450,7889
ASM00094510,726,4025
ASM00094578,1396,9134
ASM00094610,1448,9247
ASM00094637,415,2290
ASM00094659,704,4182
ASM00094672,1404,9001
ASM00094711,404,2227
ASM00094767,707,20433
ASM00094802,433,2722
ASM00094821,208,1316
ASM00094866,1458,8950
ASM00094910,416,2397
ASM00094995,639,4053
ASM00094998,1430,8330
ASM00095527,418,2472
ATM00094001,522,15772
ATM00095282,734,4724
AUM00011010,731,21338
AYM00089002,767,21662
AYM00089062,571,3326
AYM00089512,653,3149
AYM00089532,1420,6935
AYM00089564,695,3798
AYM00089571,1374,7322
AYM00089592,699,3877
AYM00089611,1419,7396
AYM00089625,666,2147
AYM00089642,721,4458
AYM00089662,191,967
BBM00078954,1424,18825
BEM00006458,668,5041
BGM00041977,318,1845
BHM00078583,1432,15084
BRM00082022,947,5271
BRM00082026,1020,5094
BRM00082099,978,5867
BRM00082107,455,2316
BRM00082193,846,5071
BRM00082244,914,5455
BRM00082332,1179,6828
BRM00082400,530,3188
BRM00082532,1056,6307
BRM00082599,1171,7026
BRM00082705,898,4478
BRM00082824,1107,6057
BRM00082917,703,3510
BRM00082965,663,3649
BRM00083208,947,4700
BRM00083378,1349,5386
BRM00083525,649,2584
BRM00083566,1406,5673
BRM00083612,955,4773
BRM00083649,665,3979
BRM00083746,1346,8075
BRM00083768,354,1770
BRM00083779,1397,6984
BRM00083827,1214,6073
BRM00083840,1302,5200
BRM00083899,1310,7844
BRM00083928,529,3073
BRM00083937,1389,8058
BUM00015614,1366,7406
BXM00096315,647,3590
CAM00071043,1460,8577
CAM00071081,1307,8168
CAM00071082,1437,8766
CAM00071109,1452,9114
CAM00071119,1502,7222
CAM00071603,1465,9274
CAM00071722,1466,8088
CAM00071802,1417,8416
CAM00071811,1457,9063
CAM00071815,1458,9017
CAM00071816,1448,9085
CAM00071823,1332,7305
CAM00071845,1407,7991
CAM00071867,1426,7701
CAM00071906,1447,8940
CAM00071907,985,6243
CAM00071908,1465,7822
CAM00071909,1246,7819
CAM00071913,1433,8971
CAM00071917,1454,8779
CAM00071924,1418,8829
CAM00071925,1265,8164
CAM00071926,1305,8007
CAM00071934,623,3510
CAM00071945,1424,7598
CAM00071957,1448,8529
CAM00071964,1396,6898
CAM00073033,1432,6762
CAM00073110,1463,9104
CDM00064700,175,871
CEM00043466,179,1911
CFM00064400,553,1865
CHM00051463,1462,79918
CHM00051839,1461,72446
CHM00052681,1462,78752
CHM00052866,1461,63050
CHM00053513,1462,72671
CHM00053845,1461,79816
CHM00054135,1460,80433
CHM00054340,991,59080
CHM00054374,1462,88698
CHM00054727,1462,81706
CHM00056492,1418,75413
CHM00056964,1461,82842
CHM00057494,1460,86439
CHM00057541,1460,83012
CHM00057687,1461,88042
CHM00058027,1461,83345
CHM00058238,1461,93767
CHM00058665,1461,97106
CHM00058725,1457,90013
CHM00059134,1457,89564
CHM00059280,1456,91783
CHM00059293,1409,85800
CIM00085442,725,4798
CIM00085586,1310,8249
CIM00085799,717,4536
CIM00085934,725,4319
CJM00078384,997,7497
CKM00096996,591,3938
COM00080001,1300,8228
COM00080028,294,1763
COM00080094,279,1114
COM00080222,748,2989
COM00080259,261,1037
COM00080398,652,3780
CYM00017607,1230,33801
DRM00078486,1404,18276
EGM00062306,375,2210
EGM00062378,406,2057
EGM00062403,282,1428
EGM00062414,358,1745
EIM00003953,1452,9118
ENM00026038,708,4358
EZM00011520,2189,11918
EZM00011747,1480,8213
FGM00081405,1430,33493
FIM00002836,1477,15529
FIM00002963,2570,28863
FJM00091680,1058,6330
FKM00088889,797,4921
FMM00091334,1352,81566
FMM00091348,1348,80037
FMM00091413,1433,86565
FOM00006011,884,3993
FPM00091925,722,16774
FPM00091938,1417,31388
FPM00091948,566,13081
FPM00091958,623,14094
FRM00007110,1392,11448
FRM00007145,1304,10477
FRM00007510,1399,11782
FRM00007645,1425,11717
FRM00007761,1367,11805
FSM00061998,684,14935
GLM00004220,1441,6426
GLM00004270,1453,6490
GLM00004320,1452,6525
GLM00004339,1381,6353
GLM00004360,1128,5176
GLM00004417,1048,3780
GMM00010035,1455,9099
GMM00010113,1447,9178
GMM00010184,1450,9294
GMM00010238,1396,8616
GMM00010393,2912,17739
GMM00010410,1453,8562
GMM00010548,1423,7790
GMM00010618,2989,15978
GMM00010739,1535,8315
GMM00010868,1459,8005
GMM00010954,1233,6447
GPM00078897,1058,24112
GQM00091212,1480,90763
GRM00016622,1118,7258
GRM00016716,749,4639
GRM00016754,700,4584
HRM00014240,1345,8151
HRM00014430,1226,7596
HUM00012843,1463,8578
HUM00012982,1448,8997
IDM00096011,1105,6239
IDM00096147,1231,7267
IDM00096163,1264,7558
IDM00096237,1264,7540
IDM00096253,1264,7544
IDM00096581,1253,7485
IDM00096633,646,3860
IDM00096645,1220,7189
IDM00096685,1244,7453
IDM00097014,1281,7551
IDM00097072,1258,7283
IDM00097230,641,3839
IDM00097372,1245,6507
IDM00097502,1191,4328
IDM00097690,635,3670
IDM00097724,1258,7520
IDM00097980,1257,7519
INM00042027,889,3306
INM00042056,534,2577
INM00042101,232,1127
INM00042111,605,2963
INM00042123,547,2743
INM00042182,1395,7145
INM00042220,281,1378
INM00042314,485,2546
INM00042339,921,4519
INM00042348,819,4022
INM00042361,821,4027
INM00042369,591,3056
INM00042379,426,2275
INM00042399,572,2936
INM00042410,1392,7867
INM00042492,586,3173
INM00042516,231,743
INM00042623,434,1782
INM00042634,288,1448
INM00042647,1098,6129
INM00042667,356,1685
INM00042675,513,2480
INM00042701,413,2028
INM00042867,1129,5846
INM00042874,868,4080
INM00042886,675,3308
INM00043003,939,5827
INM00043041,678,3313
INM00043049,415,2301
INM00043086,849,4177
INM00043110,135,701
INM00043128,927,4430
INM00043185,875,5044
INM00043285,357,2031
INM00043295,290,1067
INM00043333,623,3468
INM00043346,855,4935
INM00043369,560,3095
INM00043371,418,2389
IRM00040706,619,2532
IRM00040738,612,3466
IRM00040745,280,962
IRM00040754,878,3124
IRM00040766,452,1646
IRM00040800,455,1494
IRM00040809,579,2085
IRM00040811,250,1238
IRM00040841,563,2133
IRM00040848,529,1902
IRM00040856,624,2371
IRM00040875,345,1976
ITM00016045,1517,9530
ITM00016064,1432,8090
ITM00016113,692,4884
ITM00016144,1302,9396
ITM00016245,1434,9244
ITM00016332,1428,9128
ITM00016429,1442,9278
ITM00016546,1439,9216
IVM00065548,426,2114
IVM00065578,1580,8270
JAM00047401,1461,9279
JAM00047412,1462,9250
JAM00047582,1463,9360
JAM00047600,229,1368
JAM00047646,1467,9423
JAM00047678,1466,8414
JAM00047741,452,2812
JAM00047778,554,3332
JAM00047807,1486,9530
JAM00047827,1435,9273
JAM00047909,1455,4710
JAM00047918,1456,9207
JAM00047945,1389,8851
JAM00047971,1458,9341
JAM00047991,1461,9435
JMM00078397,1395,13627
JNM00001001,2024,24925
KEM00063741,416,1658
KRM00091610,518,3130
KSM00047138,2366,14246
KSM00047155,2435,14397
KSM00047158,1012,6029
KSM00047169,2204,12960
KSM00047186,2432,12406
KSM00047230,2067,12927
KZM00028951,1440,7752
KZM00035229,1435,7403
KZM00035394,1424,7090
KZM00035671,1441,7350
KZM00035700,1319,8092
KZM00036003,1455,8609
KZM00036872,1431,7558
KZM00038064,1425,7830
KZM00038341,1302,6870
LGM00026435,357,2182
LHM00026629,716,4477
LOM00011952,1461,7742
MAM00067083,990,23962
MGM00044212,715,2990
MGM00044231,711,3317
MGM00044292,1424,6655
MGM00044373,1425,6204
MLM00048811,703,3502
MLM00061291,867,4264
MOM00060155,526,10241
MUM00041256,580,3336
MUM00041316,360,2110
MXM00076256,1220,7705
MXM00076394,388,2073
MXM00076405,703,4386
MXM00076458,1278,8001
MXM00076526,1059,4412
MXM00076595,1169,7301
MXM00076612,1289,4363
MXM00076644,1238,7733
MXM00076654,1226,7630
MXM00076679,1315,5272
MXM00076692,1171,7253
MXM00076743,1200,7355
MXM00076805,508,3210
MXM00076903,477,2363
MYM00048601,1418,8538
MYM00048615,708,4336
MYM00048650,1385,8276
MYM00048657,698,4141
MYM00096413,1382,8216
MYM00096441,655,3876
MYM00096471,1302,7892
NCM00091592,1470,35641
NFM00094996,697,4399
NGM00061024,296,1477
NGM00061052,2486,7533
NLM00006260,834,5343
NNM00078866,985,6199
NOM00001010,1336,34941
NOM00001241,1398,14147
NOM00001400,1335,18776
NOM00001415,1398,38121
NZM00093112,1407,9062
NZM00093417,1425,9133
NZM00093844,1448,9105
PAM00086218,394,2261
PLM00012120,1387,8493
PLM00012374,1432,8720
PLM00012425,1432,8306
PLM00012575,1437,29848
PMM00078807,617,3702
POM00008508,705,20806
POM00008522,716,22818
POM00008536,1240,35012
PSM00091408,1509,89682
REM00061980,1077,25610
RMM00091376,1395,84781
ROM00015420,1457,9042
RPM00098223,1458,8653
RPM00098233,1083,4546
RPM00098433,1363,5405
RPM00098444,1262,7309
RPM00098558,858,3658
RPM00098618,1302,5519
RPM00098646,1039,6218
RPM00098753,1203,5014
RQM00078526,1471,86401
RSM00020046,1182,6857
RSM00020292,1386,8519
RSM00020674,1269,7682
RSM00020744,1089,6479
RSM00021824,1361,8489
RSM00021946,1351,8167
RSM00022008,1455,8051
RSM00022217,1452,8688
RSM00022271,1439,8637
RSM00022522,1441,8623
RSM00022543,1447,8717
RSM00022820,1441,8274
RSM00022845,1451,8131
RSM00023078,1375,7956
RSM00023205,1440,8620
RSM00023330,1457,8896
RSM00023415,1455,8572
RSM00023472,1434,8693
RSM00023802,1455,8279
RSM00023884,1408,8276
RSM00023921,1339,7741
RSM00023933,1302,7700
RSM00023955,1428,8519
RSM00024122,1435,7498
RSM00024266,1432,8081
RSM00024343,1382,8199
RSM00024507,1408,7744
RSM00024641,1452,8249
RSM00024688,1447,7200
RSM00024726,1422,7583
RSM00024908,1423,7743
RSM00024947,1458,8220
RSM00024959,1456,8548
RSM00025123,1410,8696
RSM00025403,1401,8460
RSM00025428,368,1981
RSM00025703,1443,7823
RSM00025913,1456,8167
RSM00026075,1392,8100
RSM00026298,1433,7865
RSM00026477,1451,8442
RSM00026708,1442,8687
RSM00026781,1452,7889
RSM00027038,1454,8242
RSM00027199,1450,8078
RSM00027594,1384,7938
RSM00027707,1431,7510
RSM00027713,1367,7454
RSM00027730,1428,8215
RSM00027962,1429,7983
RSM00027995,1450,8878
RSM00028225,1431,7950
RSM00028275,1453,8741
RSM00028445,1367,7201
RSM00028661,1454,8754
RSM00028695,1451,8491
RSM00028722,1362,8013
RSM00029231,1295,7307
RSM00029263,1414,8325
RSM00029282,1414,7988
RSM00029572,1429,7871
RSM00029612,1452,8394
RSM00029634,1457,8167
RSM00029698,1405,7400
RSM00029839,1305,7382
RSM00029862,1437,7671
RSM00030054,1404,7691
RSM00030230,1243,6673
RSM00030309,990,4994
RSM00030372,852,4495
RSM00030557,1411,6639
RSM00030635,1397,7411
RSM00030673,1327,6684
RSM00030715,785,3983
RSM00030758,1443,7531
RSM00030935,1401,6722
RSM00030965,1260,6409
RSM00031004,1458,7763
RSM00031088,1459,9068
RSM00031300,910,4869
RSM00031369,894,5425
RSM00031510,918,4958
RSM00031538,910,4865
RSM00031736,940,5577
RSM00031770,886,5397
RSM00031873,1441,8377
RSM00031977,1384,8279
RSM00032061,1254,7671
RSM00032098,1145,6997
RSM00032150,1266,7795
RSM00032215,1241,7365
RSM00032389,1453,8655
RSM00032477,1231,7318
RSM00032540,1434,8163
RSM00032618,1365,8112
RSM00034009,1408,7245
RSM00034122,1392,8086
RSM00034172,1362,7394
RSM00034247,1437,8708
RSM00034858,1251,7637
RSM00035121,1455,8557
RSM00036096,1440,7543
RSM00037011,1332,7851
SAM00040373,1401,6987
SAM00040375,1415,6339
SAM00040394,1398,5581
SAM00040417,1398,8046
SAM00040430,1416,7053
SAM00041024,1419,8385
SAM00041112,1381,5479
SEM00063985,919,5619
SFM00068263,1031,4086
SFM00068424,659,3059
SFM00068442,669,5386
SFM00068512,708,3197
SFM00068592,978,5537
SFM00068816,1249,7861
SFM00068842,923,6024
SFM00068994,888,5059
SHM00061901,638,3888
SHM00068906,565,3296
SIM00014015,728,3206
SNM00048698,1411,45431
SPM00008001,1414,8721
SPM00008023,1431,9088
SPM00008190,1414,8658
SPM00008221,1433,7711
SPM00008302,1377,8852
SPM00008383,1440,39878
SPM00008430,1423,6104
SPM00060018,1452,9248
SVM00001004,808,16008
SVM00001028,2183,57924
SWM00002185,490,3077
SWM00002365,916,5836
SWM00002591,1022,6563
SZM00006610,1528,43560
TDM00078970,769,10770
THM00048327,562,2809
THM00048378,291,1716
THM00048381,537,2585
THM00048407,473,2383
THM00048431,277,1354
THM00048453,688,4103
THM00048480,430,2538
THM00048500,320,1911
THM00048568,537,3196
TSM00060715,359,5633
TSM00060760,291,3450
TUM00017030,1443,8810
TUM00017064,1446,8764
TUM00017095,1424,5758
TUM00017196,1454,6037
TUM00017220,1443,8803
TUM00017240,1452,5931
TUM00017351,1425,8541
TVM00091643,472,2824
UCM00078988,797,16897
UKM00003005,1404,10284
UKM00003238,788,5304
UKM00003354,826,5575
UKM00003743,820,5443
UKM00003808,1432,10484
UKM00003882,689,4941
UKM00003918,800,5999
USM00070026,2633,44838
USM00070133,1344,72021
USM00070200,1348,68951
USM00070219,1398,70469
USM00070231,1439,71511
USM00070261,1429,70180
USM00070273,1460,69709
USM00070308,1427,68218
USM00070316,1410,57409
USM00070326,1443,72665
USM00070350,1395,70630
USM00070361,1397,69626
USM00070398,1422,73134
USM00070414,702,3990
USM00072201,1481,80638
USM00072206,1488,73437
USM00072208,1490,69714
USM00072210,1471,67525
USM00072215,1457,58750
USM00072230,1506,65232
USM00072233,1547,80023
USM00072235,1522,74510
USM00072240,1521,69988
USM00072248,1524,70604
USM00072249,1515,67721
USM00072250,1509,75739
USM00072251,1510,67210
USM00072261,1162,55659
USM00072265,1415,53862
USM00072293,1427,65451
USM00072305,1490,68551
USM00072317,1479,60665
USM00072318,1477,75888
USM00072327,1489,64630
USM00072340,1482,58973
USM00072357,1515,66539
USM00072363,1479,54349
USM00072364,1468,54185
USM00072365,1450,49268
USM00072376,1462,56433
USM00072388,1449,57205
USM00072402,1467,64475
USM00072403,1472,70350
USM00072426,1488,63174
USM00072440,1493,67411
USM00072451,1468,61727
USM00072456,1477,66224
USM00072476,1461,54400
USM00072489,1461,60816
USM00072493,1427,70928
USM00072501,1483,61377
USM00072518,965,48386
USM00072520,1477,69994
USM00072528,1478,71118
USM00072558,1462,60447
USM00072562,1484,59304
USM00072572,1455,58965
USM00072582,1466,55517
USM00072597,1467,67053
USM00072632,1479,73237
USM00072634,1472,57649
USM00072645,1471,62498
USM00072649,1463,60704
USM00072659,1464,58189
USM00072662,1465,61590
USM00072672,1456,52884
USM00072681,1469,61841
USM00072694,1443,72904
USM00072712,1478,61961
USM00072747,1456,60522
USM00072764,1462,60749
USM00072768,1458,58041
USM00072776,1448,54667
USM00072786,1469,62910
USM00072797,1448,77820
USM00074004,920,4580
USM00074389,1467,64050
USM00074455,1476,59868
USM00074560,1487,62691
USM00074626,227,1131
USM00074646,1417,7080
USM00074794,1790,10731
USM00091165,1449,78476
USM00091285,1463,77378
UVM00043243,674,3868
UVM00065503,272,1188
VMM00048820,1362,8074
VMM00048839,683,4057
VMM00048845,676,4031
VMM00048855,1435,8575
VMM00048900,1436,8609
WIM00060096,505,5396
