hbin,climate,season,bias,sd,n_st,agl_mid
"(-10,1]",B arid,winter half,0.0162609890977976,1.24117256458332,89,0
"(100,250]",B arid,winter half,-2.68854567406068,7.26103658705598,70,175
"(500,1e+03]",B arid,winter half,-6.95041256674686,20.2008465212406,79,750
"(1.5e+03,2e+03]",B arid,winter half,-21.4067436601257,27.9586229732668,72,1750
"(3e+03,4e+03]",B arid,winter half,-43.9105403949452,60.7444827782302,73,3500
"(5e+03,6e+03]",B arid,winter half,-81.1464303134879,110.87257786157,88,5500
"(1,100]",B arid,winter half,-2.73998397106609,7.14391765940156,77,50
"(1e+03,1.5e+03]",B arid,winter half,-12.7463948076731,26.7988972608581,82,1250
"(-10,1]",B arid,summer half,0.000131208746628957,0.0322243520972582,90,0
"(500,1e+03]",B arid,summer half,-5.04490606823906,18.6877968120393,80,750
"(1e+03,1.5e+03]",B arid,summer half,-9.19981223495395,23.8061353001294,80,1250
"(3e+03,4e+03]",B arid,summer half,-18.6650117204064,58.0048561005217,73,3500
"(5e+03,6e+03]",B arid,summer half,-13.2520590699849,99.9693728552045,88,5500
"(1,100]",B arid,summer half,-1.40319647405673,6.11403181534321,70,50
"(1.5e+03,2e+03]",B arid,summer half,-10.6712373575713,24.0719129390845,66,1750
"(100,250]",B arid,summer half,-3.02487612015032,10.737796770777,63,175
"(-10,1]",C temperate,winter half,0.0230287872727385,0.563825897666094,205,0
"(100,250]",C temperate,winter half,-2.18343152556632,10.3484020161351,190,175
"(500,1e+03]",C temperate,winter half,-7.66021273730119,13.0008158790906,199,750
"(1.5e+03,2e+03]",C temperate,winter half,-18.1503846398383,22.7899258557875,184,1750
"(3e+03,4e+03]",C temperate,winter half,-56.6434397369061,56.4909932511446,188,3500
"(5e+03,6e+03]",C temperate,winter half,-102.231838645756,89.0669698415984,205,5500
"(1,100]",C temperate,winter half,-0.900275341880884,7.88054713564477,190,50
"(1e+03,1.5e+03]",C temperate,winter half,-14.1229190996911,19.0065137227852,195,1250
"(2e+03,3e+03]",C temperate,winter half,-34.1668531450429,39.2073941847723,199,2500
"(250,500]",C temperate,winter half,-3.89104105700787,10.4519815679745,181,375
"(4e+03,5e+03]",C temperate,winter half,-77.9089559479607,72.738848663942,179,4500
"(-10,1]",C temperate,summer half,0.0217166530897513,0.619957694703885,205,0
"(100,250]",C temperate,summer half,-2.20969815480877,9.07417438155804,186,175
"(500,1e+03]",C temperate,summer half,-6.59412269355867,11.5216898589011,199,750
"(1e+03,1.5e+03]",C temperate,summer half,-12.3263708077456,17.357173194965,194,1250
"(3e+03,4e+03]",C temperate,summer half,-41.8215650385458,52.8499341364393,187,3500
"(5e+03,6e+03]",C temperate,summer half,-72.9707926663004,78.7632326625379,203,5500
"(1.5e+03,2e+03]",C temperate,summer half,-17.222390928938,23.2310034670022,182,1750
"(1,100]",C temperate,summer half,-0.829013772781158,7.95347889878594,184,50
"(250,500]",C temperate,summer half,-4.67699226618806,12.5867123199561,175,375
"(2e+03,3e+03]",C temperate,summer half,-23.325676428468,33.2980005565988,195,2500
"(4e+03,5e+03]",C temperate,summer half,-50.8075903921623,65.0441809075117,172,4500
"(2e+03,3e+03]",B arid,winter half,-35.7262129283789,49.2479003946507,74,2500
"(4e+03,5e+03]",B arid,winter half,-64.6771219553282,96.6422033000813,62,4500
"(2e+03,3e+03]",B arid,summer half,-12.1029328610721,41.9055879405509,71,2500
"(4e+03,5e+03]",B arid,summer half,5.20292448455368,82.384890345906,57,4500
"(250,500]",B arid,summer half,-3.6838319125431,10.6504244620184,65,375
"(250,500]",B arid,winter half,-4.71339441711612,10.7177618378117,65,375
"(-10,1]",A tropical,summer half,0.0763954911470928,1.48421350356147,129,0
"(1,100]",A tropical,summer half,-2.18498481521018,11.4098170301006,105,50
"(500,1e+03]",A tropical,summer half,-11.2636062686524,15.388178484836,125,750
"(1e+03,1.5e+03]",A tropical,summer half,-18.4282961747665,16.6875351637599,121,1250
"(3e+03,4e+03]",A tropical,summer half,-42.4433382531629,21.4218805828167,113,3500
"(5e+03,6e+03]",A tropical,summer half,-89.1128712419886,36.7535137651017,126,5500
"(1.5e+03,2e+03]",A tropical,summer half,-20.1899210551638,15.6998605415747,97,1750
"(5e+03,6e+03]",A tropical,winter half,-99.4654694401385,41.3377278015411,126,5500
"(-10,1]",A tropical,winter half,0.0596173331513411,1.33480681253425,129,0
"(1,100]",A tropical,winter half,-2.10412417501033,12.8175240062353,109,50
"(500,1e+03]",A tropical,winter half,-10.8220805961125,14.395354067764,127,750
"(1e+03,1.5e+03]",A tropical,winter half,-18.3880648747772,16.0307526780926,121,1250
"(3e+03,4e+03]",A tropical,winter half,-43.5162973837369,20.8419385418219,113,3500
"(1.5e+03,2e+03]",A tropical,winter half,-19.9101310211385,15.5633744513829,100,1750
"(100,250]",A tropical,winter half,-5.03461170468511,13.8627601926261,97,175
"(250,500]",A tropical,winter half,-9.2432391789686,12.8898656526795,51,375
"(2e+03,3e+03]",A tropical,winter half,-32.729948034849,24.1099667844007,66,2500
"(4e+03,5e+03]",A tropical,winter half,-66.1401797409657,25.0038842864189,44,4500
"(100,250]",A tropical,summer half,-5.45294361619735,14.0385939387061,85,175
"(2e+03,3e+03]",A tropical,summer half,-33.5508021788894,21.5706433318746,65,2500
"(4e+03,5e+03]",A tropical,summer half,-62.4508291671871,28.2706249228949,43,4500
"(250,500]",A tropical,summer half,-10.3717079802097,12.838095318096,52,375
"(-10,1]",E polar,summer half,0.15771160830701,3.10058692854583,39,0
"(100,250]",E polar,summer half,-0.603250758702727,15.7312931711418,38,175
"(500,1e+03]",E polar,summer half,-2.84102614960156,19.4227836276259,39,750
"(1e+03,1.5e+03]",E polar,summer half,-8.6598596778118,22.6504742508633,39,1250
"(3e+03,4e+03]",E polar,summer half,-88.1118277609514,71.3958885047345,36,3500
"(5e+03,6e+03]",E polar,summer half,-123.881152635568,91.8616884404961,37,5500
"(1,100]",E polar,summer half,3.37890216214922,20.7367701314848,37,50
"(2e+03,3e+03]",E polar,summer half,-36.2773276789053,44.3496813748178,39,2500
"(1.5e+03,2e+03]",E polar,summer half,-40.4028502374923,45.506611045499,36,1750
"(250,500]",E polar,summer half,2.35117401441261,10.2131627822058,39,375
"(5e+03,6e+03]",E polar,winter half,-145.920470864299,123.72227498697,36,5500
"(-10,1]",E polar,winter half,0.241137213536828,3.67497738363924,38,0
"(500,1e+03]",E polar,winter half,-5.04859277048245,17.9461879237489,38,750
"(1e+03,1.5e+03]",E polar,winter half,-14.9450945561026,24.3290349510298,38,1250
"(2e+03,3e+03]",E polar,winter half,-55.9903596018898,57.9847089006043,38,2500
"(250,500]",E polar,winter half,-1.03057173923611,12.6837094411615,38,375
"(1,100]",E polar,winter half,5.20106124633256,20.8025868126899,37,50
"(100,250]",E polar,winter half,-1.01776984193879,15.5390682475829,37,175
"(3e+03,4e+03]",E polar,winter half,-106.764302237471,115.01473912295,36,3500
"(1.5e+03,2e+03]",E polar,winter half,-55.8113158060534,67.4115160549766,36,1750
"(4e+03,5e+03]",E polar,winter half,-116.870195952691,104.787409509949,36,4500
"(4e+03,5e+03]",E polar,summer half,-71.4742521420297,73.0842021981714,37,4500
"(-10,1]",D continental,winter half,0.0152962826413758,0.570092681430349,171,0
"(500,1e+03]",D continental,winter half,-9.60039105076119,15.7305424334165,169,750
"(1e+03,1.5e+03]",D continental,winter half,-21.2111408038567,24.2471716352085,171,1250
"(2e+03,3e+03]",D continental,winter half,-62.4787837950702,62.0080235509508,170,2500
"(5e+03,6e+03]",D continental,winter half,-158.492758331926,133.856354410808,171,5500
"(250,500]",D continental,winter half,-1.96287724874651,17.4559592988156,170,375
"(1,100]",D continental,winter half,-1.53491043714215,8.4621274245917,169,50
"(100,250]",D continental,winter half,-3.75961019196673,13.2875229148574,171,175
"(1.5e+03,2e+03]",D continental,winter half,-24.5875730781597,36.0238747302305,165,1750
"(4e+03,5e+03]",D continental,winter half,-137.483626037276,132.83881090921,171,4500
"(5e+03,6e+03]",D continental,summer half,-65.7112118870555,95.6033620763419,171,5500
"(-10,1]",D continental,summer half,0.0137630413346639,0.50250511196029,171,0
"(500,1e+03]",D continental,summer half,-6.71247093203261,13.9552391958455,169,750
"(1e+03,1.5e+03]",D continental,summer half,-12.0978599972634,18.8041214583278,170,1250
"(2e+03,3e+03]",D continental,summer half,-22.2909904287156,43.0772922219695,170,2500
"(1,100]",D continental,summer half,-1.62181111545716,8.86302303640136,170,50
"(100,250]",D continental,summer half,-3.19569360322708,12.4692001799981,171,175
"(250,500]",D continental,summer half,-0.797880078076251,17.8545792534762,170,375
"(3e+03,4e+03]",D continental,summer half,-37.21320538486,54.1229547663137,170,3500
"(1.5e+03,2e+03]",D continental,summer half,-13.5958889357292,27.8938369946496,169,1750
"(4e+03,5e+03]",D continental,summer half,-36.7904589415594,77.8688694399845,169,4500
"(3e+03,4e+03]",D continental,winter half,-70.2060714504961,66.0675379612311,167,3500
