hbin,daynight,season,method,n,n_stations,bias,sd,mae,rmse,p95_abs
"(-10,1]",day,winter half,ERA5-Land,149866,506,0.0451880835834745,1.48625385964559,0.0454485281980354,1.48694065053344,0
"(-10,1]",night,winter half,ERA5-Land,152140,501,0.0443435392970383,1.26890763784319,0.0444141481708856,1.26968222120906,0
"(-10,1]",day,summer half,ERA5-Land,152791,512,0.0449427778583334,1.37005038806887,0.0450084639816277,1.37078733548618,0
"(-10,1]",night,summer half,ERA5-Land,156465,507,0.040014966964764,1.11038763583617,0.0401180396996415,1.11110841028172,0
"(1,100]",day,winter half,ERA5-Land,79435,449,-1.02637353764955,10.7825766000462,5.73798104175376,10.8313157453124,18.9410596398941
"(1,100]",night,winter half,ERA5-Land,82889,448,-1.46332482431903,10.0725389242944,5.62046964983304,10.1782788290994,18.1926240352484
"(1,100]",night,summer half,ERA5-Land,91319,433,-1.08954622231729,10.1384022329137,5.5664339021229,10.1967794330817,19.298167025942
"(1,100]",day,summer half,ERA5-Land,89876,441,-1.10145796396725,10.0495829030652,5.34450892469818,10.1097639028795,17.5198178752628
"(100,250]",day,winter half,ERA5-Land,84476,433,-2.97671055454114,11.5029810328377,6.08998460279375,11.8818928781294,21.4556138967005
"(100,250]",night,winter half,ERA5-Land,94773,428,-3.6184703133095,12.0681061962892,6.56999739510244,12.5989092612502,22.8846717934616
"(100,250]",day,summer half,ERA5-Land,77050,411,-2.70848218991112,11.5841991627678,5.93256530340617,11.8966191002207,23.0668562274142
"(100,250]",night,summer half,ERA5-Land,90363,413,-3.8066052390258,11.9951880129331,6.27681011719372,12.5847041646354,23.8771919582872
"(250,500]",night,winter half,ERA5-Land,98680,395,-5.84748689462992,14.0579764055878,9.18315290736805,15.2256298261493,23.8323261565971
"(250,500]",night,summer half,ERA5-Land,106904,389,-5.86901729861329,14.2880040964219,8.93450259549692,15.4464372950781,22.2821839466383
"(250,500]",day,winter half,ERA5-Land,82546,396,-2.71062974778457,14.3989600763075,8.08140057717633,14.6518792278898,24.3215306134518
"(250,500]",day,summer half,ERA5-Land,81618,396,-2.63485300987401,14.665831828643,7.24250618687783,14.9006400402694,22.8742904015118
"(500,1e+03]",day,winter half,ERA5-Land,247582,488,-6.42898033067238,15.6961694010178,10.4806438441265,16.9617664751521,32.5309475036743
"(500,1e+03]",night,winter half,ERA5-Land,257572,476,-12.6824735242779,15.3201221259947,14.452349966087,19.8884709479967,37.8511008770072
"(500,1e+03]",day,summer half,ERA5-Land,253946,487,-3.6399031607739,13.9917608092935,8.377636657558,14.4574640087496,23.6069759778612
"(500,1e+03]",night,summer half,ERA5-Land,274960,474,-11.7448899041018,15.0722656672687,13.6944588211185,19.1079991418281,34.1933000379901
"(1e+03,1.5e+03]",day,winter half,ERA5-Land,226714,482,-13.2780099626313,21.4786926730555,17.8132626116157,25.2515303993912,54.0268871818356
"(1e+03,1.5e+03]",night,winter half,ERA5-Land,228055,469,-24.3257683921798,20.9669039587533,25.674866679162,32.1147017654837,61.6016523816599
"(1e+03,1.5e+03]",day,summer half,ERA5-Land,234347,485,-5.39134211454869,17.2445568621596,12.4356841004058,18.0676869346457,32.7722886368243
"(1e+03,1.5e+03]",night,summer half,ERA5-Land,242112,471,-21.5454431958676,17.5339240523213,23.0090491722863,27.7784919529354,49.4434251578533
"(1.5e+03,2e+03]",day,winter half,ERA5-Land,162556,430,-14.4295085443438,23.5667704265586,19.6730753810963,27.6333744803171,58.28296361821
"(1.5e+03,2e+03]",night,winter half,ERA5-Land,160390,413,-34.9621939118007,29.2720086326025,36.259800974201,45.5983058074931,81.927097848981
"(1.5e+03,2e+03]",night,summer half,ERA5-Land,170661,403,-31.5547217081911,24.2384705670634,32.5144959148611,39.7894950648022,71.022306401265
"(1.5e+03,2e+03]",day,summer half,ERA5-Land,169941,423,-5.8296417100021,20.9097842738262,16.0077305660557,21.7072292300277,41.6972869165056
"(2e+03,3e+03]",night,winter half,ERA5-Land,341860,426,-62.7948144641791,47.5035390571098,63.9170278959381,78.7386496362727,152.557510976623
"(2e+03,3e+03]",night,summer half,ERA5-Land,379325,429,-44.0575357026572,30.6498258317145,46.2111765005629,53.6700873458132,94.6934492498915
"(2e+03,3e+03]",day,winter half,ERA5-Land,346821,439,-37.8609318422317,50.8297347390621,45.0512508688962,63.3806918044305,138.963709329802
"(2e+03,3e+03]",day,summer half,ERA5-Land,382703,437,-5.14340909315831,33.9235134974284,25.639443650083,34.3112142762369,66.4006740068302
"(3e+03,4e+03]",day,winter half,ERA5-Land,286271,451,-40.9440001841821,47.123724242979,49.2154126369059,62.4264089757982,119.784457562957
"(3e+03,4e+03]",night,winter half,ERA5-Land,277426,437,-78.2933056051209,50.880104326785,78.6873457478159,93.3735868374592,166.42266315613
"(3e+03,4e+03]",day,summer half,ERA5-Land,360827,459,-16.3523994201532,43.8537281790387,38.1476548010361,46.8033165704922,86.5931265016868
"(3e+03,4e+03]",night,summer half,ERA5-Land,354198,436,-64.366637632155,35.0300761187459,64.7580371682235,73.2814456254908,122.045023170163
"(4e+03,5e+03]",night,winter half,ERA5-Land,244655,380,-126.945083991537,88.0264152886651,128.851363339794,154.478814528694,290.635095114077
"(4e+03,5e+03]",night,summer half,ERA5-Land,313213,366,-79.5424091543156,50.3701604925202,82.6794816713101,94.1496039403378,161.847026698184
"(4e+03,5e+03]",day,winter half,ERA5-Land,253372,389,-76.2837348574161,106.734505464257,94.469600619678,131.192464953205,289.339804809115
"(4e+03,5e+03]",day,summer half,ERA5-Land,323065,375,-0.76129555255829,70.3272796806024,57.5556256973751,70.3314000869596,127.994229237606
"(5e+03,6e+03]",day,winter half,ERA5-Land,325157,504,-96.6916382390954,104.799867391464,111.534596246699,142.591322003198,285.269349626959
"(5e+03,6e+03]",night,winter half,ERA5-Land,311975,483,-150.349280211273,90.6315597905486,151.616291805058,175.5533699195,317.82269936845
"(5e+03,6e+03]",day,summer half,ERA5-Land,415200,504,-29.1485990678677,85.4981941010945,74.170232904263,90.3304047492692,166.524895443446
"(5e+03,6e+03]",night,summer half,ERA5-Land,399269,488,-105.752320869559,58.7090983363833,108.151424320664,120.955824980693,201.732262615154
,day,winter half,ERA5-Land,11,6,57.9280221431072,19.3819454134974,57.9280221431072,61.084495229347,81.492070180077
,night,summer half,ERA5-Land,6,3,29.3380764202772,14.9209967746062,29.3380764202772,32.9144174001277,75.5595728243098
,day,summer half,ERA5-Land,10,4,26.7218984944003,14.2085256989939,26.7218984944003,30.2645347177848,70.8617968264924
,night,winter half,ERA5-Land,10,3,27.5088527126613,6.64130600792437,27.5088527126613,28.2991859080396,35.678515396047
"(-10,1]",day,winter half,GeoPressureR (ERA5 single-levels),182925,617,0.0402884488847607,1.36238624799206,0.0405050697942211,1.36298182226758,0
"(-10,1]",night,winter half,GeoPressureR (ERA5 single-levels),180976,602,0.042449716095251,1.21587763510957,0.0425268527798233,1.2166184290714,0
"(-10,1]",day,summer half,GeoPressureR (ERA5 single-levels),187499,622,0.0386556214514738,1.25593737492297,0.0387641968380493,1.25653211132789,0
"(-10,1]",night,summer half,GeoPressureR (ERA5 single-levels),186302,608,0.0356583012681646,1.04368117795533,0.0357783207660153,1.04429014917673,0
"(1,100]",day,winter half,GeoPressureR (ERA5 single-levels),96070,554,-1.02178508620635,10.3189793114588,5.4677809168197,10.3694444785006,18.1356723211712
"(1,100]",night,winter half,GeoPressureR (ERA5 single-levels),98004,545,-1.84602571284391,10.8706932465493,5.94710093922052,11.0263222605298,20.6513167878165
"(1,100]",night,summer half,GeoPressureR (ERA5 single-levels),109631,530,-1.55057877682922,10.4508712516344,5.71382121320152,10.5652735156925,19.9601073453152
"(1,100]",day,summer half,GeoPressureR (ERA5 single-levels),112145,548,-1.12387358945167,9.51801179276386,5.06532367924798,9.58413482439913,16.3607660102641
"(100,250]",day,winter half,GeoPressureR (ERA5 single-levels),103385,538,-2.84789015189795,11.151193708509,5.76172458501084,11.5091094113301,19.6427970370708
"(100,250]",night,winter half,GeoPressureR (ERA5 single-levels),111542,524,-3.50670562342377,12.0164463627307,6.38104126670045,12.5176662169005,22.7421975628299
"(100,250]",day,summer half,GeoPressureR (ERA5 single-levels),94911,513,-2.5683655203316,11.1557901123633,5.66938991935592,11.447626587076,22.1280261358631
"(100,250]",night,summer half,GeoPressureR (ERA5 single-levels),105146,504,-3.5614459955517,11.8201432351217,6.18279660191134,12.3450266778985,24.3555429142236
"(250,500]",night,winter half,GeoPressureR (ERA5 single-levels),108482,467,-5.2713185598284,13.8209673071086,8.84625367838059,14.7920903412385,23.9538186497309
"(250,500]",night,summer half,GeoPressureR (ERA5 single-levels),118084,462,-4.61711076066305,14.2349112436061,8.67405529310492,14.9649727660819,23.9309277037752
"(250,500]",day,summer half,GeoPressureR (ERA5 single-levels),95507,479,-1.73480905091952,13.7687321806129,6.71470713770081,13.8775915887664,20.9656496824899
"(250,500]",day,winter half,GeoPressureR (ERA5 single-levels),94266,480,-2.21788977474229,13.7374458983871,7.38324794797888,13.9153316476474,23.0901826297979
"(500,1e+03]",day,winter half,GeoPressureR (ERA5 single-levels),301428,598,-5.84490290078321,14.9606046254889,9.8176478615323,16.0618361553013,30.5727199398842
"(500,1e+03]",night,winter half,GeoPressureR (ERA5 single-levels),303589,574,-11.665383277583,15.1946906368642,13.5394520401677,19.1561945741538,37.4149238715092
"(500,1e+03]",day,summer half,GeoPressureR (ERA5 single-levels),313040,596,-3.56636073047909,13.4237754384339,8.307733992876,13.8894447650506,22.7434781058215
"(500,1e+03]",night,summer half,GeoPressureR (ERA5 single-levels),325505,572,-11.0461416259318,14.7513360713459,13.1007005997299,18.4287590659229,33.616448180534
"(1e+03,1.5e+03]",day,winter half,GeoPressureR (ERA5 single-levels),270956,590,-11.6546313752752,21.2752174245108,16.749140943967,24.2583039174971,52.9464470109655
"(1e+03,1.5e+03]",night,winter half,GeoPressureR (ERA5 single-levels),265718,567,-22.4240106625283,21.6527056856525,24.1458993164887,31.1717166306657,62.4135379090745
"(1e+03,1.5e+03]",day,summer half,GeoPressureR (ERA5 single-levels),282238,594,-4.96330765694819,17.3601807231812,12.7219674973748,18.0557552497537,33.7384865370482
"(1e+03,1.5e+03]",night,summer half,GeoPressureR (ERA5 single-levels),283094,569,-20.2029732247847,18.0755177196576,22.0354256731086,27.1087526078707,50.4306800713054
"(1.5e+03,2e+03]",day,winter half,GeoPressureR (ERA5 single-levels),201879,537,-12.2481266176112,22.3901461327129,18.1246112084707,25.5212705303869,51.8403371507496
"(1.5e+03,2e+03]",night,winter half,GeoPressureR (ERA5 single-levels),194538,507,-30.5138530831865,29.2675591407774,31.8637992745524,42.2810270457259,78.4840853102655
"(1.5e+03,2e+03]",night,summer half,GeoPressureR (ERA5 single-levels),205189,496,-27.9185310361649,23.3414182777783,28.9580492328763,36.3904682909621,64.7993781591155
"(1.5e+03,2e+03]",day,summer half,GeoPressureR (ERA5 single-levels),210285,529,-6.55316678847701,20.0397424675703,16.0462475794319,21.0840051490257,39.3165065578253
"(2e+03,3e+03]",night,winter half,GeoPressureR (ERA5 single-levels),400970,506,-58.8078994858672,50.5163805201386,60.7150433729941,77.5259552846234,155.099157883793
"(2e+03,3e+03]",night,summer half,GeoPressureR (ERA5 single-levels),440602,505,-41.8156087794757,32.7159497269913,44.3607200078581,53.0931116448896,97.1004054847107
"(2e+03,3e+03]",day,winter half,GeoPressureR (ERA5 single-levels),415505,529,-34.5461284889963,51.3751157518775,43.1702203023931,61.909914489491,136.396525296102
"(2e+03,3e+03]",day,summer half,GeoPressureR (ERA5 single-levels),453413,524,-5.73123190768023,36.2592611579756,27.5760911090264,36.7094134916641,70.6815537879684
"(3e+03,4e+03]",day,winter half,GeoPressureR (ERA5 single-levels),356079,561,-37.8738781323117,48.5662163468198,46.5075086712666,61.588213280041,115.954132032471
"(3e+03,4e+03]",night,winter half,GeoPressureR (ERA5 single-levels),337236,533,-70.2210818813031,54.7583759743621,70.9776136448619,89.0476281544544,168.974322742841
"(3e+03,4e+03]",day,summer half,GeoPressureR (ERA5 single-levels),441382,567,-20.3492785477046,48.3109565782504,40.1898028651916,52.421767071685,91.7367076532525
"(3e+03,4e+03]",night,summer half,GeoPressureR (ERA5 single-levels),423601,533,-61.0756914916171,40.6361141789462,61.6285181980246,73.3589385606638,124.734794307992
"(4e+03,5e+03]",night,winter half,GeoPressureR (ERA5 single-levels),289322,453,-120.497322798389,93.3535504858522,123.346710456144,152.428639664248,296.057725199947
"(4e+03,5e+03]",night,summer half,GeoPressureR (ERA5 single-levels),363650,438,-74.7785497429414,53.9865056223305,79.0874182538721,92.2300075407662,166.533400890948
"(4e+03,5e+03]",day,winter half,GeoPressureR (ERA5 single-levels),305417,473,-71.7092676404426,106.506113869048,92.0355558710101,128.396928923621,281.220903706396
"(4e+03,5e+03]",day,summer half,GeoPressureR (ERA5 single-levels),381595,458,-5.50603203648633,73.2649992937924,59.7798461760355,73.4716034281709,135.634198833741
"(5e+03,6e+03]",day,winter half,GeoPressureR (ERA5 single-levels),403643,616,-90.4586539664224,103.900649282143,106.822160643892,137.761072145454,280.404517770209
"(5e+03,6e+03]",night,winter half,GeoPressureR (ERA5 single-levels),380422,581,-139.439903188258,95.2233060082973,141.704539844741,168.851901405592,323.074483009357
"(5e+03,6e+03]",day,summer half,GeoPressureR (ERA5 single-levels),504326,615,-36.4387442933532,89.6218371974769,79.0304464817618,96.7463476743562,179.871625316654
"(5e+03,6e+03]",night,summer half,GeoPressureR (ERA5 single-levels),477207,587,-104.197067869014,63.9994592749864,107.045638041305,122.282295284252,213.448624701382
,day,winter half,GeoPressureR (ERA5 single-levels),11,6,58.0790801052777,19.4513406470206,58.0790801052777,61.2497689697006,81.5100174468712
,night,summer half,GeoPressureR (ERA5 single-levels),6,3,29.3752144248239,14.9259697401571,29.3752144248239,32.9497768609814,75.5920394471306
,day,summer half,GeoPressureR (ERA5 single-levels),10,4,26.7101506416182,14.1387571185552,26.7101506416182,30.221459265817,70.5843492381387
,night,winter half,GeoPressureR (ERA5 single-levels),10,3,27.508665289797,6.63217779572419,27.508665289797,28.296862871,35.6909788344161
