hbin,climate,season,code,bias,n_st,agl_mid
"(100,250]",B arid,winter half,current,-2.68854567406068,70,175
"(500,1e+03]",B arid,winter half,current,-6.95041256674686,79,750
"(1.5e+03,2e+03]",B arid,winter half,current,-21.4067436601257,72,1750
"(3e+03,4e+03]",B arid,winter half,current,-43.9105403949452,73,3500
"(5e+03,6e+03]",B arid,winter half,current,-81.1464303134879,88,5500
"(1,100]",B arid,winter half,current,-2.73998397106609,77,50
"(1e+03,1.5e+03]",B arid,winter half,current,-12.7463948076731,82,1250
"(500,1e+03]",B arid,summer half,current,-5.04490606823906,80,750
"(1e+03,1.5e+03]",B arid,summer half,current,-9.19981223495395,80,1250
"(3e+03,4e+03]",B arid,summer half,current,-18.6650117204064,73,3500
"(5e+03,6e+03]",B arid,summer half,current,-13.2520590699849,88,5500
"(1,100]",B arid,summer half,current,-1.40319647405673,70,50
"(1.5e+03,2e+03]",B arid,summer half,current,-10.6712373575713,66,1750
"(100,250]",B arid,summer half,current,-3.02487612015032,63,175
"(100,250]",C temperate,winter half,current,-2.18343152556632,190,175
"(500,1e+03]",C temperate,winter half,current,-7.66021273730119,199,750
"(1.5e+03,2e+03]",C temperate,winter half,current,-18.1503846398383,184,1750
"(3e+03,4e+03]",C temperate,winter half,current,-56.6434397369061,188,3500
"(5e+03,6e+03]",C temperate,winter half,current,-102.231838645756,205,5500
"(1,100]",C temperate,winter half,current,-0.900275341880884,190,50
"(1e+03,1.5e+03]",C temperate,winter half,current,-14.1229190996911,195,1250
"(2e+03,3e+03]",C temperate,winter half,current,-34.1668531450429,199,2500
"(250,500]",C temperate,winter half,current,-3.89104105700787,181,375
"(4e+03,5e+03]",C temperate,winter half,current,-77.9089559479607,179,4500
"(100,250]",C temperate,summer half,current,-2.20969815480877,186,175
"(500,1e+03]",C temperate,summer half,current,-6.59412269355867,199,750
"(1e+03,1.5e+03]",C temperate,summer half,current,-12.3263708077456,194,1250
"(3e+03,4e+03]",C temperate,summer half,current,-41.8215650385458,187,3500
"(5e+03,6e+03]",C temperate,summer half,current,-72.9707926663004,203,5500
"(1.5e+03,2e+03]",C temperate,summer half,current,-17.222390928938,182,1750
"(1,100]",C temperate,summer half,current,-0.829013772781158,184,50
"(250,500]",C temperate,summer half,current,-4.67699226618806,175,375
"(2e+03,3e+03]",C temperate,summer half,current,-23.325676428468,195,2500
"(4e+03,5e+03]",C temperate,summer half,current,-50.8075903921623,172,4500
"(2e+03,3e+03]",B arid,winter half,current,-35.7262129283789,74,2500
"(4e+03,5e+03]",B arid,winter half,current,-64.6771219553282,62,4500
"(2e+03,3e+03]",B arid,summer half,current,-12.1029328610721,71,2500
"(4e+03,5e+03]",B arid,summer half,current,5.20292448455368,57,4500
"(250,500]",B arid,summer half,current,-3.6838319125431,65,375
"(250,500]",B arid,winter half,current,-4.71339441711612,65,375
"(1,100]",A tropical,summer half,current,-2.18498481521018,105,50
"(500,1e+03]",A tropical,summer half,current,-11.2636062686524,125,750
"(1e+03,1.5e+03]",A tropical,summer half,current,-18.4282961747665,121,1250
"(3e+03,4e+03]",A tropical,summer half,current,-42.4433382531629,113,3500
"(5e+03,6e+03]",A tropical,summer half,current,-89.1128712419886,126,5500
"(1.5e+03,2e+03]",A tropical,summer half,current,-20.1899210551638,97,1750
"(5e+03,6e+03]",A tropical,winter half,current,-99.4654694401385,126,5500
"(1,100]",A tropical,winter half,current,-2.10412417501033,109,50
"(500,1e+03]",A tropical,winter half,current,-10.8220805961125,127,750
"(1e+03,1.5e+03]",A tropical,winter half,current,-18.3880648747772,121,1250
"(3e+03,4e+03]",A tropical,winter half,current,-43.5162973837369,113,3500
"(1.5e+03,2e+03]",A tropical,winter half,current,-19.9101310211385,100,1750
"(100,250]",A tropical,winter half,current,-5.03461170468511,97,175
"(250,500]",A tropical,winter half,current,-9.2432391789686,51,375
"(2e+03,3e+03]",A tropical,winter half,current,-32.729948034849,66,2500
"(4e+03,5e+03]",A tropical,winter half,current,-66.1401797409657,44,4500
"(100,250]",A tropical,summer half,current,-5.45294361619735,85,175
"(2e+03,3e+03]",A tropical,summer half,current,-33.5508021788894,65,2500
"(4e+03,5e+03]",A tropical,summer half,current,-62.4508291671871,43,4500
"(250,500]",A tropical,summer half,current,-10.3717079802097,52,375
"(100,250]",E polar,summer half,current,-0.603250758702727,38,175
"(500,1e+03]",E polar,summer half,current,-2.84102614960156,39,750
"(1e+03,1.5e+03]",E polar,summer half,current,-8.6598596778118,39,1250
"(3e+03,4e+03]",E polar,summer half,current,-88.1118277609514,36,3500
"(5e+03,6e+03]",E polar,summer half,current,-123.881152635568,37,5500
"(1,100]",E polar,summer half,current,3.37890216214922,37,50
"(2e+03,3e+03]",E polar,summer half,current,-36.2773276789053,39,2500
"(1.5e+03,2e+03]",E polar,summer half,current,-40.4028502374923,36,1750
"(250,500]",E polar,summer half,current,2.35117401441261,39,375
"(5e+03,6e+03]",E polar,winter half,current,-145.920470864299,36,5500
"(500,1e+03]",E polar,winter half,current,-5.04859277048245,38,750
"(1e+03,1.5e+03]",E polar,winter half,current,-14.9450945561026,38,1250
"(2e+03,3e+03]",E polar,winter half,current,-55.9903596018898,38,2500
"(250,500]",E polar,winter half,current,-1.03057173923611,38,375
"(1,100]",E polar,winter half,current,5.20106124633256,37,50
"(100,250]",E polar,winter half,current,-1.01776984193879,37,175
"(3e+03,4e+03]",E polar,winter half,current,-106.764302237471,36,3500
"(1.5e+03,2e+03]",E polar,winter half,current,-55.8113158060534,36,1750
"(4e+03,5e+03]",E polar,winter half,current,-116.870195952691,36,4500
"(4e+03,5e+03]",E polar,summer half,current,-71.4742521420297,37,4500
"(500,1e+03]",D continental,winter half,current,-9.60039105076119,169,750
"(1e+03,1.5e+03]",D continental,winter half,current,-21.2111408038567,171,1250
"(2e+03,3e+03]",D continental,winter half,current,-62.4787837950702,170,2500
"(5e+03,6e+03]",D continental,winter half,current,-158.492758331926,171,5500
"(250,500]",D continental,winter half,current,-1.96287724874651,170,375
"(1,100]",D continental,winter half,current,-1.53491043714215,169,50
"(100,250]",D continental,winter half,current,-3.75961019196673,171,175
"(1.5e+03,2e+03]",D continental,winter half,current,-24.5875730781597,165,1750
"(4e+03,5e+03]",D continental,winter half,current,-137.483626037276,171,4500
"(5e+03,6e+03]",D continental,summer half,current,-65.7112118870555,171,5500
"(500,1e+03]",D continental,summer half,current,-6.71247093203261,169,750
"(1e+03,1.5e+03]",D continental,summer half,current,-12.0978599972634,170,1250
"(2e+03,3e+03]",D continental,summer half,current,-22.2909904287156,170,2500
"(1,100]",D continental,summer half,current,-1.62181111545716,170,50
"(100,250]",D continental,summer half,current,-3.19569360322708,171,175
"(250,500]",D continental,summer half,current,-0.797880078076251,170,375
"(3e+03,4e+03]",D continental,summer half,current,-37.21320538486,170,3500
"(1.5e+03,2e+03]",D continental,summer half,current,-13.5958889357292,169,1750
"(4e+03,5e+03]",D continental,summer half,current,-36.7904589415594,169,4500
"(3e+03,4e+03]",D continental,winter half,current,-70.2060714504961,167,3500
"(100,250]",B arid,winter half,tv_lapse,-2.1528763916459,70,175
"(500,1e+03]",B arid,winter half,tv_lapse,-2.91006971785286,79,750
"(1.5e+03,2e+03]",B arid,winter half,tv_lapse,-9.78830037830922,72,1750
"(3e+03,4e+03]",B arid,winter half,tv_lapse,-2.70800971048756,73,3500
"(5e+03,6e+03]",B arid,winter half,tv_lapse,17.921357107562,88,5500
"(1,100]",B arid,winter half,tv_lapse,-2.53661056691436,77,50
"(1e+03,1.5e+03]",B arid,winter half,tv_lapse,-3.81532860690493,82,1250
"(500,1e+03]",B arid,summer half,tv_lapse,0.192772768894427,80,750
"(1e+03,1.5e+03]",B arid,summer half,tv_lapse,2.90884259539226,80,1250
"(3e+03,4e+03]",B arid,summer half,tv_lapse,28.0129403707506,73,3500
"(5e+03,6e+03]",B arid,summer half,tv_lapse,97.5301235439942,88,5500
"(1,100]",B arid,summer half,tv_lapse,-1.09772195413289,70,50
"(1.5e+03,2e+03]",B arid,summer half,tv_lapse,3.09124685629976,66,1750
"(100,250]",B arid,summer half,tv_lapse,-2.30954484802391,63,175
"(100,250]",C temperate,winter half,tv_lapse,-1.47399167157172,190,175
"(500,1e+03]",C temperate,winter half,tv_lapse,-3.00317961612165,199,750
"(1.5e+03,2e+03]",C temperate,winter half,tv_lapse,-4.10917344591095,184,1750
"(3e+03,4e+03]",C temperate,winter half,tv_lapse,-13.7524914796134,188,3500
"(5e+03,6e+03]",C temperate,winter half,tv_lapse,0.396955691323778,205,5500
"(1,100]",C temperate,winter half,tv_lapse,-0.644253481141563,190,50
"(1e+03,1.5e+03]",C temperate,winter half,tv_lapse,-4.07401231185148,195,1250
"(2e+03,3e+03]",C temperate,winter half,tv_lapse,-5.56098906584991,199,2500
"(250,500]",C temperate,winter half,tv_lapse,-2.10892261484091,181,375
"(4e+03,5e+03]",C temperate,winter half,tv_lapse,-7.61745408381881,179,4500
"(100,250]",C temperate,summer half,tv_lapse,-1.20244748634187,186,175
"(500,1e+03]",C temperate,summer half,tv_lapse,-0.280542701550744,199,750
"(1e+03,1.5e+03]",C temperate,summer half,tv_lapse,1.04031498601274,194,1250
"(3e+03,4e+03]",C temperate,summer half,tv_lapse,8.35476419545385,187,3500
"(5e+03,6e+03]",C temperate,summer half,tv_lapse,44.3922470931667,203,5500
"(1.5e+03,2e+03]",C temperate,summer half,tv_lapse,0.878108213144447,182,1750
"(1,100]",C temperate,summer half,tv_lapse,-0.450270185168841,184,50
"(250,500]",C temperate,summer half,tv_lapse,-1.80475108180577,175,375
"(2e+03,3e+03]",C temperate,summer half,tv_lapse,11.0135550565588,195,2500
"(4e+03,5e+03]",C temperate,summer half,tv_lapse,30.4273311852351,172,4500
"(2e+03,3e+03]",B arid,winter half,tv_lapse,-10.8832538113151,74,2500
"(4e+03,5e+03]",B arid,winter half,tv_lapse,-3.35882070466645,62,4500
"(2e+03,3e+03]",B arid,summer half,tv_lapse,18.0261143845513,71,2500
"(4e+03,5e+03]",B arid,summer half,tv_lapse,72.7417366052319,57,4500
"(250,500]",B arid,summer half,tv_lapse,-1.06684947810156,65,375
"(250,500]",B arid,winter half,tv_lapse,-3.1001480762212,65,375
"(1,100]",A tropical,summer half,tv_lapse,-1.49037694396878,105,50
"(500,1e+03]",A tropical,summer half,tv_lapse,-1.83013135305526,125,750
"(1e+03,1.5e+03]",A tropical,summer half,tv_lapse,1.66294920568202,121,1250
"(3e+03,4e+03]",A tropical,summer half,tv_lapse,17.5095508234058,113,3500
"(5e+03,6e+03]",A tropical,summer half,tv_lapse,55.6926143607931,126,5500
"(1.5e+03,2e+03]",A tropical,summer half,tv_lapse,3.04859749707626,97,1750
"(5e+03,6e+03]",A tropical,winter half,tv_lapse,39.6044639391915,126,5500
"(1,100]",A tropical,winter half,tv_lapse,-1.40178425243538,109,50
"(500,1e+03]",A tropical,winter half,tv_lapse,-1.9874270143013,127,750
"(1e+03,1.5e+03]",A tropical,winter half,tv_lapse,0.204926895253319,121,1250
"(3e+03,4e+03]",A tropical,winter half,tv_lapse,13.9042463568726,113,3500
"(1.5e+03,2e+03]",A tropical,winter half,tv_lapse,2.03666977015886,100,1750
"(100,250]",A tropical,winter half,tv_lapse,-3.74401132083278,97,175
"(250,500]",A tropical,winter half,tv_lapse,-5.48464292427106,51,375
"(2e+03,3e+03]",A tropical,winter half,tv_lapse,7.28318882920017,66,2500
"(4e+03,5e+03]",A tropical,winter half,tv_lapse,30.921551000781,44,4500
"(100,250]",A tropical,summer half,tv_lapse,-3.97022253752069,85,175
"(2e+03,3e+03]",A tropical,summer half,tv_lapse,9.94237317996312,65,2500
"(4e+03,5e+03]",A tropical,summer half,tv_lapse,37.7958745154838,43,4500
"(250,500]",A tropical,summer half,tv_lapse,-5.82706206960146,52,375
"(100,250]",E polar,summer half,tv_lapse,-0.288373189476989,38,175
"(500,1e+03]",E polar,summer half,tv_lapse,-0.255627529875681,39,750
"(1e+03,1.5e+03]",E polar,summer half,tv_lapse,-2.41668215193609,39,1250
"(3e+03,4e+03]",E polar,summer half,tv_lapse,-51.424787460854,36,3500
"(5e+03,6e+03]",E polar,summer half,tv_lapse,-38.4554565023686,37,5500
"(1,100]",E polar,summer half,tv_lapse,3.49250604551937,37,50
"(2e+03,3e+03]",E polar,summer half,tv_lapse,-13.407215489741,39,2500
"(1.5e+03,2e+03]",E polar,summer half,tv_lapse,-30.0918475773364,36,1750
"(250,500]",E polar,summer half,tv_lapse,3.117143696197,39,375
"(5e+03,6e+03]",E polar,winter half,tv_lapse,-66.1172019021778,36,5500
"(500,1e+03]",E polar,winter half,tv_lapse,-3.19268398291621,38,750
"(1e+03,1.5e+03]",E polar,winter half,tv_lapse,-9.91360375866219,38,1250
"(2e+03,3e+03]",E polar,winter half,tv_lapse,-35.2869326363018,38,2500
"(250,500]",E polar,winter half,tv_lapse,-0.426174762006455,38,375
"(1,100]",E polar,winter half,tv_lapse,5.24912838859894,37,50
"(100,250]",E polar,winter half,tv_lapse,-0.8121981150481,37,175
"(3e+03,4e+03]",E polar,winter half,tv_lapse,-71.3644687905143,36,3500
"(1.5e+03,2e+03]",E polar,winter half,tv_lapse,-46.1392487408787,36,1750
"(4e+03,5e+03]",E polar,winter half,tv_lapse,-53.7185300046568,36,4500
"(4e+03,5e+03]",E polar,summer half,tv_lapse,-6.98320349196932,37,4500
"(500,1e+03]",D continental,winter half,tv_lapse,-7.48180220273739,169,750
"(1e+03,1.5e+03]",D continental,winter half,tv_lapse,-15.2854871929007,171,1250
"(2e+03,3e+03]",D continental,winter half,tv_lapse,-40.847672879035,170,2500
"(5e+03,6e+03]",D continental,winter half,tv_lapse,-75.5163456921386,171,5500
"(250,500]",D continental,winter half,tv_lapse,-1.04067552568539,170,375
"(1,100]",D continental,winter half,tv_lapse,-1.46485371495603,169,50
"(100,250]",D continental,winter half,tv_lapse,-3.54617473300343,171,175
"(1.5e+03,2e+03]",D continental,winter half,tv_lapse,-13.7468783836529,165,1750
"(4e+03,5e+03]",D continental,winter half,tv_lapse,-75.3006766277943,171,4500
"(5e+03,6e+03]",D continental,summer half,tv_lapse,32.4741988975862,171,5500
"(500,1e+03]",D continental,summer half,tv_lapse,-2.96032090624713,169,750
"(1e+03,1.5e+03]",D continental,summer half,tv_lapse,-2.86185258852547,170,1250
"(2e+03,3e+03]",D continental,summer half,tv_lapse,5.68413825993422,170,2500
"(1,100]",D continental,summer half,tv_lapse,-1.4385499817372,170,50
"(100,250]",D continental,summer half,tv_lapse,-2.65471900525175,171,175
"(250,500]",D continental,summer half,tv_lapse,1.07674224641376,170,375
"(3e+03,4e+03]",D continental,summer half,tv_lapse,6.3422338587112,170,3500
"(1.5e+03,2e+03]",D continental,summer half,tv_lapse,0.862329052359547,169,1750
"(4e+03,5e+03]",D continental,summer half,tv_lapse,34.0526659426527,169,4500
"(3e+03,4e+03]",D continental,winter half,tv_lapse,-32.0181001991848,167,3500
"(100,250]",B arid,winter half,tv_lapse_var,-2.15997489328294,70,175
"(500,1e+03]",B arid,winter half,tv_lapse_var,-2.73198950513099,79,750
"(1.5e+03,2e+03]",B arid,winter half,tv_lapse_var,-8.19385385577041,72,1750
"(3e+03,4e+03]",B arid,winter half,tv_lapse_var,0.795199309999813,73,3500
"(5e+03,6e+03]",B arid,winter half,tv_lapse_var,29.5518083266925,88,5500
"(1,100]",B arid,winter half,tv_lapse_var,-2.53989966522019,77,50
"(1e+03,1.5e+03]",B arid,winter half,tv_lapse_var,-3.32576206094477,82,1250
"(500,1e+03]",B arid,summer half,tv_lapse_var,-0.437340161773998,80,750
"(1e+03,1.5e+03]",B arid,summer half,tv_lapse_var,0.526301264721739,80,1250
"(3e+03,4e+03]",B arid,summer half,tv_lapse_var,12.2096894946183,73,3500
"(5e+03,6e+03]",B arid,summer half,tv_lapse_var,48.6738406011085,88,5500
"(1,100]",B arid,summer half,tv_lapse_var,-1.08806608887162,70,50
"(1.5e+03,2e+03]",B arid,summer half,tv_lapse_var,-0.154901847158409,66,1750
"(100,250]",B arid,summer half,tv_lapse_var,-2.32135706536514,63,175
"(100,250]",C temperate,winter half,tv_lapse_var,-1.46410734122008,190,175
"(500,1e+03]",C temperate,winter half,tv_lapse_var,-2.43923018284807,199,750
"(1.5e+03,2e+03]",C temperate,winter half,tv_lapse_var,-1.92723283785713,184,1750
"(3e+03,4e+03]",C temperate,winter half,tv_lapse_var,-5.34211051982226,188,3500
"(5e+03,6e+03]",C temperate,winter half,tv_lapse_var,34.4410507483458,205,5500
"(1,100]",C temperate,winter half,tv_lapse_var,-0.644642787825311,190,50
"(1e+03,1.5e+03]",C temperate,winter half,tv_lapse_var,-1.84594683249329,195,1250
"(2e+03,3e+03]",C temperate,winter half,tv_lapse_var,3.97624205497412,199,2500
"(250,500]",C temperate,winter half,tv_lapse_var,-1.98503091177859,181,375
"(4e+03,5e+03]",C temperate,winter half,tv_lapse_var,7.16520339692975,179,4500
"(100,250]",C temperate,summer half,tv_lapse_var,-1.21031815958206,186,175
"(500,1e+03]",C temperate,summer half,tv_lapse_var,-0.872143702051279,199,750
"(1e+03,1.5e+03]",C temperate,summer half,tv_lapse_var,-0.986670111047091,194,1250
"(3e+03,4e+03]",C temperate,summer half,tv_lapse_var,-5.9743023304711,187,3500
"(5e+03,6e+03]",C temperate,summer half,tv_lapse_var,3.72386214501974,203,5500
"(1.5e+03,2e+03]",C temperate,summer half,tv_lapse_var,-2.53524081075657,182,1750
"(1,100]",C temperate,summer half,tv_lapse_var,-0.447034877885569,184,50
"(250,500]",C temperate,summer half,tv_lapse_var,-1.92878056871501,175,375
"(2e+03,3e+03]",C temperate,summer half,tv_lapse_var,3.47329629330512,195,2500
"(4e+03,5e+03]",C temperate,summer half,tv_lapse_var,3.26765003018052,172,4500
"(2e+03,3e+03]",B arid,winter half,tv_lapse_var,-7.34273545145432,74,2500
"(4e+03,5e+03]",B arid,winter half,tv_lapse_var,13.3512474320178,62,4500
"(2e+03,3e+03]",B arid,summer half,tv_lapse_var,8.0585567513015,71,2500
"(4e+03,5e+03]",B arid,summer half,tv_lapse_var,45.4811941378313,57,4500
"(250,500]",B arid,summer half,tv_lapse_var,-1.28137538026511,65,375
"(250,500]",B arid,winter half,tv_lapse_var,-3.07100528947028,65,375
"(1,100]",A tropical,summer half,tv_lapse_var,-1.49014010562616,105,50
"(500,1e+03]",A tropical,summer half,tv_lapse_var,-2.92751189352154,125,750
"(1e+03,1.5e+03]",A tropical,summer half,tv_lapse_var,-2.35975990827733,121,1250
"(3e+03,4e+03]",A tropical,summer half,tv_lapse_var,-4.19017164513693,113,3500
"(5e+03,6e+03]",A tropical,summer half,tv_lapse_var,-16.7805668990611,126,5500
"(1.5e+03,2e+03]",A tropical,summer half,tv_lapse_var,-2.04197959967405,97,1750
"(5e+03,6e+03]",A tropical,winter half,tv_lapse_var,-12.2769281023324,126,5500
"(1,100]",A tropical,winter half,tv_lapse_var,-1.40265508006677,109,50
"(500,1e+03]",A tropical,winter half,tv_lapse_var,-2.76859134947324,127,750
"(1e+03,1.5e+03]",A tropical,winter half,tv_lapse_var,-2.8129117010782,121,1250
"(3e+03,4e+03]",A tropical,winter half,tv_lapse_var,-1.90110999606406,113,3500
"(1.5e+03,2e+03]",A tropical,winter half,tv_lapse_var,-1.5444781344524,100,1750
"(100,250]",A tropical,winter half,tv_lapse_var,-3.75952001453489,97,175
"(250,500]",A tropical,winter half,tv_lapse_var,-5.72556750540196,51,375
"(2e+03,3e+03]",A tropical,winter half,tv_lapse_var,-1.19619482306738,66,2500
"(4e+03,5e+03]",A tropical,winter half,tv_lapse_var,-0.26339115365095,44,4500
"(100,250]",A tropical,summer half,tv_lapse_var,-4.00426433918723,85,175
"(2e+03,3e+03]",A tropical,summer half,tv_lapse_var,-4.02104290699026,65,2500
"(4e+03,5e+03]",A tropical,summer half,tv_lapse_var,-8.03747338072498,43,4500
"(250,500]",A tropical,summer half,tv_lapse_var,-6.14734469007566,52,375
"(100,250]",E polar,summer half,tv_lapse_var,-0.28622562597891,38,175
"(500,1e+03]",E polar,summer half,tv_lapse_var,-0.293090812396963,39,750
"(1e+03,1.5e+03]",E polar,summer half,tv_lapse_var,-2.65820234722911,39,1250
"(3e+03,4e+03]",E polar,summer half,tv_lapse_var,-52.5839939233158,36,3500
"(5e+03,6e+03]",E polar,summer half,tv_lapse_var,-45.9056548838699,37,5500
"(1,100]",E polar,summer half,tv_lapse_var,3.4929457741945,37,50
"(2e+03,3e+03]",E polar,summer half,tv_lapse_var,-14.4131254014688,39,2500
"(1.5e+03,2e+03]",E polar,summer half,tv_lapse_var,-29.5055562212435,36,1750
"(250,500]",E polar,summer half,tv_lapse_var,3.08293691258584,39,375
"(5e+03,6e+03]",E polar,winter half,tv_lapse_var,46.9381901350177,36,5500
"(500,1e+03]",E polar,winter half,tv_lapse_var,-1.56414962347308,38,750
"(1e+03,1.5e+03]",E polar,winter half,tv_lapse_var,-4.00983839846203,38,1250
"(2e+03,3e+03]",E polar,winter half,tv_lapse_var,-6.62769893252797,38,2500
"(250,500]",E polar,winter half,tv_lapse_var,-0.0500355045355589,38,375
"(1,100]",E polar,winter half,tv_lapse_var,5.23468157683063,37,50
"(100,250]",E polar,winter half,tv_lapse_var,-0.762992750513785,37,175
"(3e+03,4e+03]",E polar,winter half,tv_lapse_var,-24.4980260631851,36,3500
"(1.5e+03,2e+03]",E polar,winter half,tv_lapse_var,-33.6641012659497,36,1750
"(4e+03,5e+03]",E polar,winter half,tv_lapse_var,48.2154897561233,36,4500
"(4e+03,5e+03]",E polar,summer half,tv_lapse_var,-6.26260867009694,37,4500
"(500,1e+03]",D continental,winter half,tv_lapse_var,-6.1582954037504,169,750
"(1e+03,1.5e+03]",D continental,winter half,tv_lapse_var,-10.2086127407618,171,1250
"(2e+03,3e+03]",D continental,winter half,tv_lapse_var,-18.6275488455718,170,2500
"(5e+03,6e+03]",D continental,winter half,tv_lapse_var,13.1554033469786,171,5500
"(250,500]",D continental,winter half,tv_lapse_var,-0.644499147319301,170,375
"(1,100]",D continental,winter half,tv_lapse_var,-1.47174850870063,169,50
"(100,250]",D continental,winter half,tv_lapse_var,-3.54456919415101,171,175
"(1.5e+03,2e+03]",D continental,winter half,tv_lapse_var,-7.42066193033084,165,1750
"(4e+03,5e+03]",D continental,winter half,tv_lapse_var,-7.28061052756029,171,4500
"(5e+03,6e+03]",D continental,summer half,tv_lapse_var,11.9499213329162,171,5500
"(500,1e+03]",D continental,summer half,tv_lapse_var,-3.18078799504889,169,750
"(1e+03,1.5e+03]",D continental,summer half,tv_lapse_var,-3.76657902638875,170,1250
"(2e+03,3e+03]",D continental,summer half,tv_lapse_var,2.13669205507108,170,2500
"(1,100]",D continental,summer half,tv_lapse_var,-1.43515910859303,170,50
"(100,250]",D continental,summer half,tv_lapse_var,-2.64970301096407,171,175
"(250,500]",D continental,summer half,tv_lapse_var,1.02614179833265,170,375
"(3e+03,4e+03]",D continental,summer half,tv_lapse_var,-3.94283393998072,170,3500
"(1.5e+03,2e+03]",D continental,summer half,tv_lapse_var,-1.12696371030552,169,1750
"(4e+03,5e+03]",D continental,summer half,tv_lapse_var,22.801220997948,169,4500
"(3e+03,4e+03]",D continental,winter half,tv_lapse_var,-8.99561187329844,167,3500
