hbin,method,code,n_stations,bias,sd,mae,rmse,agl_mid
"(1,100]","GeoPressureR (T2m, -6.5 K/km)",current,296,-0.82104276977909,9.86040449078043,5.17536406214308,9.89452818236453,50
"(100,250]","GeoPressureR (T2m, -6.5 K/km)",current,292,-2.69634632953737,9.45552961415671,5.25564767996218,9.8324627542142,175
"(250,500]","GeoPressureR (T2m, -6.5 K/km)",current,279,-2.64841818034317,14.8625885358881,8.00806457388079,15.0967101331743,375
"(500,1e+03]","GeoPressureR (T2m, -6.5 K/km)",current,308,-7.02650525835176,13.2922423329882,10.3135757917211,15.0351415817884,750
"(1e+03,1.5e+03]","GeoPressureR (T2m, -6.5 K/km)",current,309,-13.5981591524358,20.0042898648786,17.6928329512152,24.1884589284402,1250
"(1.5e+03,2e+03]","GeoPressureR (T2m, -6.5 K/km)",current,291,-19.3830814484066,30.041947900453,25.2966350584992,35.7522374137545,1750
"(2e+03,3e+03]","GeoPressureR (T2m, -6.5 K/km)",current,294,-34.9510038775017,47.5282132258852,43.2001413307065,58.9957941253855,2500
"(3e+03,4e+03]","GeoPressureR (T2m, -6.5 K/km)",current,294,-46.7217774739296,61.7991282745907,56.9465511361295,77.4729420237593,3500
"(4e+03,5e+03]","GeoPressureR (T2m, -6.5 K/km)",current,280,-62.537179205771,96.0604962905394,87.2615927662284,114.623373404313,4500
"(5e+03,6e+03]","GeoPressureR (T2m, -6.5 K/km)",current,321,-90.6248708363946,103.053804448054,109.126455267554,137.233209629843,5500
"(1,100]","fitted lapse rate (T2m, -4.1 K/km)",lapse,296,-0.833125168043998,9.85864622404093,5.17646537647296,9.89378607593805,50
"(100,250]","fitted lapse rate (T2m, -4.1 K/km)",lapse,292,-2.68424215193619,9.4447304649079,5.23971030062945,9.8187621157145,175
"(250,500]","fitted lapse rate (T2m, -4.1 K/km)",lapse,279,-2.16740055124641,14.8013542552231,7.80751897595401,14.9592016143292,375
"(500,1e+03]","fitted lapse rate (T2m, -4.1 K/km)",lapse,308,-5.14724304055661,13.227129411348,9.42244791937851,14.1933457430954,750
"(1e+03,1.5e+03]","fitted lapse rate (T2m, -4.1 K/km)",lapse,309,-7.08404828567094,19.9425898946036,15.0789866355761,21.1634267503632,1250
"(1.5e+03,2e+03]","fitted lapse rate (T2m, -4.1 K/km)",lapse,291,-8.66842254674032,29.9444125063738,20.6794288062768,31.1738574738637,1750
"(2e+03,3e+03]","fitted lapse rate (T2m, -4.1 K/km)",lapse,294,-6.96100260564187,47.1926543227013,33.7776151455513,47.7032722074442,2500
"(3e+03,4e+03]","fitted lapse rate (T2m, -4.1 K/km)",lapse,294,-2.07391740754125,62.6952909695153,40.1703729358056,62.7295834767407,3500
"(4e+03,5e+03]","fitted lapse rate (T2m, -4.1 K/km)",lapse,280,23.2300805208592,95.3589488552206,72.566615879145,98.1476732672546,4500
"(5e+03,6e+03]","fitted lapse rate (T2m, -4.1 K/km)",lapse,321,36.3770707759288,104.714282782065,83.9516523063418,110.852930934618,5500
"(1,100]","virtual temperature (Tv, -6.5 K/km)",tv,296,-0.49823575523248,9.8696869700062,5.1244429156931,9.88225479097272,50
"(100,250]","virtual temperature (Tv, -6.5 K/km)",tv,292,-1.97689043466222,9.46152061067366,5.07037396204804,9.66584026646759,175
"(250,500]","virtual temperature (Tv, -6.5 K/km)",tv,279,-1.01951947414164,14.7431512911765,7.3554174658119,14.7783601916001,375
"(500,1e+03]","virtual temperature (Tv, -6.5 K/km)",tv,308,-3.14699052153469,13.337181379316,8.77908390169987,13.7034286398467,750
"(1e+03,1.5e+03]","virtual temperature (Tv, -6.5 K/km)",tv,309,-7.46156233643228,20.714501232257,15.1676677051072,22.0173902586473,1250
"(1.5e+03,2e+03]","virtual temperature (Tv, -6.5 K/km)",tv,291,-10.0939273143556,31.2179450943782,20.9668891842251,32.809258823435,1750
"(2e+03,3e+03]","virtual temperature (Tv, -6.5 K/km)",tv,294,-24.0533178270718,49.9017107173038,37.9721055659291,55.3962348088851,2500
"(3e+03,4e+03]","virtual temperature (Tv, -6.5 K/km)",tv,294,-25.426226177289,64.3396346139257,43.4372946809631,69.1815116911314,3500
"(4e+03,5e+03]","virtual temperature (Tv, -6.5 K/km)",tv,280,-42.498943178473,99.7493326242494,76.0798692287986,108.425502213561,4500
"(5e+03,6e+03]","virtual temperature (Tv, -6.5 K/km)",tv,321,-60.2206208924417,107.823798116307,88.5723508348871,123.500990363993,5500
"(1,100]","virtual temperature + fitted lapse rate (Tv, -5.0 K/km)",tv_lapse,296,-0.505947096456513,9.86875430918779,5.12542723785437,9.88171513855362,50
"(100,250]","virtual temperature + fitted lapse rate (Tv, -5.0 K/km)",tv_lapse,292,-1.96908992679037,9.45620066861024,5.06735199633933,9.65903961192888,175
"(250,500]","virtual temperature + fitted lapse rate (Tv, -5.0 K/km)",tv_lapse,279,-0.712178227860558,14.7101875851481,7.31469759834148,14.7274171740491,375
"(500,1e+03]","virtual temperature + fitted lapse rate (Tv, -5.0 K/km)",tv_lapse,308,-1.9455538272682,13.3273376933896,8.71183153591655,13.4685971685409,750
"(1e+03,1.5e+03]","virtual temperature + fitted lapse rate (Tv, -5.0 K/km)",tv_lapse,309,-3.30284337818664,20.7299552501554,14.9010299596724,20.9914225114512,1250
"(1.5e+03,2e+03]","virtual temperature + fitted lapse rate (Tv, -5.0 K/km)",tv_lapse,291,-3.2509021614847,31.1302419235805,20.8618918256863,31.2995259881712,1750
"(2e+03,3e+03]","virtual temperature + fitted lapse rate (Tv, -5.0 K/km)",tv_lapse,294,-6.22093309804684,49.6628210438402,35.7448155057834,50.0509320856529,2500
"(3e+03,4e+03]","virtual temperature + fitted lapse rate (Tv, -5.0 K/km)",tv_lapse,294,3.06001932276804,64.4981830179811,44.0631382823138,64.5707312245788,3500
"(4e+03,5e+03]","virtual temperature + fitted lapse rate (Tv, -5.0 K/km)",tv_lapse,280,12.0435112778397,99.0139152039942,74.2804690070014,99.7436793382048,4500
"(5e+03,6e+03]","virtual temperature + fitted lapse rate (Tv, -5.0 K/km)",tv_lapse,321,20.5625261838276,109.191567686061,84.8343111368205,111.110827270792,5500
