split,code,L,bias,mae,rmse
1,current,-0.0065,-12.2157394602617,15.8444555185836,31.5760066605217
1,tv,-0.0065,-7.50331855112413,13.4081534192277,28.9995686741291
1,lapse,-0.00433755728512279,-5.79339815419863,13.0244994962419,26.3367794047005
1,tv_lapse,-0.00514937277338878,-3.48148429662812,12.9583172492178,26.7528218484617
2,current,-0.0065,-10.5924236196936,16.3030691245869,32.582736145616
2,tv,-0.0065,-6.0153337919784,14.1398190001306,30.2712886870679
2,lapse,-0.00418317983405674,-3.79768916805875,13.9694890960354,28.1239402447865
2,tv_lapse,-0.00503441501798051,-1.70723934307017,13.8142721545369,28.3910876311992
3,current,-0.0065,-11.0483796744453,15.726702035431,31.3599406462612
3,tv,-0.0065,-6.56437618173312,13.538209706487,29.0902151908481
3,lapse,-0.00422372336255013,-4.33274238446959,13.2521974157604,26.4442760125717
3,tv_lapse,-0.0050878483317591,-2.38925198742251,13.2369879056903,26.9591853976211
4,current,-0.0065,-9.72292581627968,15.6429102069948,29.3566687895704
4,tv,-0.0065,-5.11434808552963,13.4539431607256,27.0642298341588
4,lapse,-0.00400021008971115,-2.43765193914459,13.3935260960454,25.2350589142855
4,tv_lapse,-0.00482805832507273,-0.229716707258536,13.429421889275,25.6216487575049
5,current,-0.0065,-10.7839012343379,15.718098052504,30.74969780043
5,tv,-0.0065,-6.69940268448209,13.8220107101661,28.4370443908933
5,lapse,-0.00415261158414546,-3.76082509324998,13.3486428918458,25.9153116643428
5,tv_lapse,-0.0050995364216975,-2.50342827245051,13.2806325420758,26.185056482585
6,current,-0.0065,-11.5185602882872,15.873903786468,32.3580074805455
6,tv,-0.0065,-6.95151345075652,13.6366516511932,29.9605267729984
6,lapse,-0.00435313749406801,-5.1446007561147,13.2497957031324,27.2410142150808
6,tv_lapse,-0.00519681573735667,-3.07339611336169,13.2575683818569,27.7243933694425
7,current,-0.0065,-10.3754583423263,15.4923923901272,29.6969573834534
7,tv,-0.0065,-5.88903991639423,13.2857799075676,27.456150095605
7,lapse,-0.00414492526994021,-3.47663864138833,12.9236951691627,24.8514626564901
7,tv_lapse,-0.00499376616453164,-1.46693342938702,13.0512735292081,25.4536490679813
8,current,-0.0065,-10.7075374391284,14.8745224265826,28.911235337353
8,tv,-0.0065,-6.09147867730422,12.5772955516786,26.2888772407329
8,lapse,-0.00411522726775815,-3.67196314359879,12.3516196675013,24.0203215342485
8,tv_lapse,-0.00493525425515708,-1.46357803535612,12.4068959155026,24.3601650335087
9,current,-0.0065,-10.6301176632757,14.3923378778463,28.1363093623719
9,tv,-0.0065,-6.10584408101293,12.3038477971783,25.7641504040981
9,lapse,-0.00408748150903514,-3.52313874929526,11.9248773482675,23.1957082580688
9,tv_lapse,-0.0049321345316212,-1.47633386613368,12.0909933062046,23.7811003602638
10,current,-0.0065,-9.92828268853343,14.9978514695762,30.489024273977
10,tv,-0.0065,-5.55436015363019,13.0190665038536,28.3765186144962
10,lapse,-0.00411002816180328,-2.97316149001347,12.8097315548857,26.0826154319893
10,tv_lapse,-0.00498837588444355,-1.14654752359927,12.8928741965834,26.5341577632398
11,current,-0.0065,-10.5369382630109,15.9847147597003,30.1826673179082
11,tv,-0.0065,-6.23882708353682,13.9717478033526,28.0510891085329
11,lapse,-0.00415132860879073,-3.61718457881925,13.580350471499,25.4970421578082
11,tv_lapse,-0.0050425175870939,-1.93670867381609,13.6075158463085,26.0318954272816
12,current,-0.0065,-10.1634222713372,15.7406610250942,30.7925420571091
12,tv,-0.0065,-5.69195192659604,13.6051990817155,28.643472224202
12,lapse,-0.00413469902163578,-3.16423733177427,13.2363317098164,26.1122339187094
12,tv_lapse,-0.0050116193519848,-1.27859529103524,13.2374913977469,26.6457825328448
13,current,-0.0065,-11.537530889993,15.0828381383712,30.0063680920742
13,tv,-0.0065,-7.03635681956015,12.9130104005615,27.5165650501657
13,lapse,-0.00421068627997696,-4.7506780719051,12.6192673420221,24.9057350114344
13,tv_lapse,-0.00505978380849313,-2.75709177206416,12.5660112910729,25.3294381150002
14,current,-0.0065,-10.6743221496548,15.0758352779195,29.5334527458627
14,tv,-0.0065,-6.32977247729149,13.0741443511304,27.1134673053369
14,lapse,-0.00398299160949267,-3.15742561513524,12.944577386181,25.2952072082537
14,tv_lapse,-0.00485680504671837,-1.41237307957365,13.0280191914418,25.4505718783573
15,current,-0.0065,-9.10866874712685,15.6835783910606,30.7166168754818
15,tv,-0.0065,-4.7876844485043,13.8098243591132,28.5625152066534
15,lapse,-0.00405014922311976,-1.84889020147021,13.4405867248271,26.4115931676736
15,tv_lapse,-0.0049301858570647,-0.126643530519969,13.6524256366709,26.7934959242516
16,current,-0.0065,-10.1441469803696,15.7031504106336,30.6678122542533
16,tv,-0.0065,-5.47824319021765,13.3851722444884,28.3511604239098
16,lapse,-0.00411137012563363,-3.07017120394158,13.1693171497926,26.1183398134578
16,tv_lapse,-0.00492392115044975,-0.798441208175409,13.3005810607058,26.6078456550303
17,current,-0.0065,-11.4255303217957,15.1120034496877,29.7460595997562
17,tv,-0.0065,-6.79119931279897,12.8380807552848,27.2064426050174
17,lapse,-0.00419391284242966,-4.64745087393151,12.5713428282102,24.7007083521628
17,tv_lapse,-0.0050185166908544,-2.42589709657028,12.5598956881995,25.1206111250427
18,current,-0.0065,-11.8939415869018,15.650247212468,30.3156377082511
18,tv,-0.0065,-7.3929618694138,13.3923388673332,27.9636064582189
18,lapse,-0.00413947315735446,-4.9401626768867,13.1143621068633,25.5727722501376
18,tv_lapse,-0.00500089784442491,-2.96734542112572,13.0228658149386,25.9652229376977
19,current,-0.0065,-9.55650146726498,15.5119335050411,31.0554750646489
19,tv,-0.0065,-5.03762236098815,13.4669598457635,29.0025489305192
19,lapse,-0.00407492142791825,-2.42391622485553,13.2154166748972,26.7643418901056
19,tv_lapse,-0.00492550798423692,-0.396380740141745,13.3951672873257,27.3110894535903
20,current,-0.0065,-11.6320737345659,15.9814377013357,32.092998875508
20,tv,-0.0065,-7.18582400427262,13.853074392658,29.8237388609715
20,lapse,-0.00430968586131702,-5.20180610298019,13.4296126004416,27.0815334636774
20,tv_lapse,-0.00516928253054465,-3.27069442207399,13.3859395391732,27.6165620884179
