abs_lat,sdoy,L
0,1,-6.70283122909584
0,8,-6.7044400060551
0,15,-6.70497886643183
0,22,-6.7044400060551
0,29,-6.70283122909584
0,36,-6.70017583504114
0,43,-6.69651228125395
0,50,-6.69189362600542
0,57,-6.68638676004612
0,64,-6.68007143784511
0,71,-6.67303912252733
0,78,-6.66539166123755
0,85,-6.65723981011536
0,92,-6.64870163024362
0,99,-6.63990077780129
0,106,-6.63096471318402
0,113,-6.62202285502929
0,120,-6.61320470588082
0,127,-6.60463797663785
0,134,-6.59644673695224
0,141,-6.58874961836091
0,148,-6.58165809617689
0,155,-6.57527487502218
0,162,-6.56969240138413
0,169,-6.56499152473762
0,176,-6.56124032662377
0,183,-6.5584931346431
0,190,-6.55678973564343
0,197,-6.55615479949757
0,204,-6.55659752181617
0,211,-6.55811149077011
0,218,-6.56067477995135
0,225,-6.56425026592719
0,232,-6.56878616588909
0,239,-6.5742167876092
0,246,-6.5804634808434
0,253,-6.58743577640177
0,260,-6.59503269638968
0,267,-6.60314421664371
0,274,-6.6116528601822
0,281,-6.62043539859301
0,288,-6.62936463671773
0,295,-6.63831125478514
0,302,-6.64714568131498
0,309,-6.65573996966704
0,316,-6.66396965105823
0,323,-6.67171553721069
0,330,-6.67886544652383
0,337,-6.68531582877044
0,344,-6.69097326478702
0,351,-6.69575581943856
0,358,-6.69959422826323
0,365,-6.70243290061107
20,1,-5.18685246734336
20,8,-5.17309999844127
20,15,-5.16849360441572
20,22,-5.17309999844127
20,29,-5.18685246734336
20,36,-5.20955183778749
20,43,-5.24086936085339
20,50,-5.28035147321785
20,57,-5.32742636599119
20,64,-5.38141226607273
20,71,-5.44152731008855
20,78,-5.50690086790988
20,85,-5.57658615175682
20,92,-5.64957392827289
20,99,-5.72480713498219
20,106,-5.801196189443
20,113,-5.87763476937927
20,120,-5.95301583525072
20,127,-6.02624766321085
20,134,-6.0962696562519
20,141,-6.16206770454802
20,148,-6.22268887253714
20,155,-6.27725520003215
20,162,-6.32497641748389
20,169,-6.36516139124397
20,176,-6.39722813306882
20,183,-6.42071222890003
20,190,-6.43527356484909
20,197,-6.44070125297607
20,204,-6.43691668552329
20,211,-6.4239746733705
20,218,-6.40206265222353
20,225,-6.37149796803306
20,232,-6.33272328095791
20,239,-6.28630015443621
20,246,-6.23290092221205
20,253,-6.17329895110548
20,260,-6.10835744054732
20,267,-6.03901692109233
20,274,-5.96628163296638
20,281,-5.89120498192344
20,288,-5.81487428305133
20,295,-5.73839501347769
20,302,-5.66287480203994
20,309,-5.58940738779267
20,316,-5.51905677967692
20,323,-5.45284184676291
20,330,-5.3917215622413
20,337,-5.33658111487065
20,344,-5.28821908902497
20,351,-5.24733589900948
20,358,-5.21452364514732
20,365,-5.19025753854866
40,1,-3.67087370559087
40,8,-3.64175999082743
40,15,-3.63200834239961
40,22,-3.64175999082743
40,29,-3.67087370559087
40,36,-3.71892784053384
40,43,-3.78522644045284
40,50,-3.86880932043027
40,57,-3.96846597193625
40,64,-4.08275309430035
40,71,-4.21001549764975
40,78,-4.3484100745822
40,85,-4.49593249339828
40,92,-4.65044622630215
40,99,-4.80971349216309
40,106,-4.97142766570198
40,113,-5.13324668372925
40,120,-5.29282696462061
40,127,-5.44785734978385
40,134,-5.59609257555155
40,141,-5.73538579073513
40,148,-5.86371964889738
40,155,-5.97923552504212
40,162,-6.08026043358366
40,169,-6.16533125775032
40,176,-6.23321593951387
40,183,-6.28293132315695
40,190,-6.31375739405475
40,197,-6.32524770645457
40,204,-6.31723584923041
40,211,-6.28983785597088
40,218,-6.24345052449572
40,225,-6.17874567013893
40,232,-6.09666039602674
40,239,-5.99838352126321
40,246,-5.8853383635807
40,253,-5.7591621258092
40,260,-5.62168218470495
40,267,-5.47488962554094
40,274,-5.32091040575057
40,281,-5.16197456525387
40,288,-5.00038392938493
40,295,-4.83847877217023
40,302,-4.67860392276491
40,309,-4.5230748059183
40,316,-4.37414390829562
40,323,-4.23396815631512
40,330,-4.10457767795877
40,337,-3.98784640097087
40,344,-3.88546491326291
40,351,-3.79891597858039
40,358,-3.72945306203141
40,365,-3.67808217648625
60,1,-2.15489494383838
60,8,-2.11041998321359
60,15,-2.0955230803835
60,22,-2.11041998321359
60,29,-2.15489494383838
60,36,-2.2283038432802
60,43,-2.32958352005228
60,50,-2.45726716764269
60,57,-2.60950557788132
60,64,-2.78409392252797
60,71,-2.97850368521097
60,78,-3.18991928125453
60,85,-3.41527883503974
60,92,-3.65131852433141
60,99,-3.89461984934398
60,106,-4.14165914196095
60,113,-4.38885859807923
60,120,-4.63263809399051
60,127,-4.86946703635686
60,134,-5.0959154948512
60,141,-5.30870387692224
60,148,-5.50475042525763
60,155,-5.68121585005208
60,162,-5.83554444968343
60,169,-5.96550112425667
60,176,-6.06920374595893
60,183,-6.14515041741388
60,190,-6.19224122326042
60,197,-6.20979415993307
60,204,-6.19755501293753
60,211,-6.15570103857126
60,218,-6.0848383967679
60,225,-5.9859933722448
60,232,-5.86059751109557
60,239,-5.71046688809022
60,246,-5.53777580494935
60,253,-5.34502530051291
60,260,-5.13500692886259
60,267,-4.91076232998956
60,274,-4.67553917853475
60,281,-4.4327441485843
60,288,-4.18589357571853
60,295,-3.93856253086277
60,302,-3.69433304348987
60,309,-3.45674222404393
60,316,-3.22923103691432
60,323,-3.01509446586733
60,330,-2.81743379367624
60,337,-2.63911168707108
60,344,-2.48271073750086
60,351,-2.35049605815131
60,358,-2.2443824789155
60,365,-2.16590681442384
80,1,-2
80,8,-2
80,15,-2
80,22,-2
80,29,-2
80,36,-2
80,43,-2
80,50,-2
80,57,-2
80,64,-2
80,71,-2
80,78,-2.03142848792686
80,85,-2.33462517668119
80,92,-2.65219082236067
80,99,-2.97952620652488
80,106,-3.31189061821993
80,113,-3.64447051242921
80,120,-3.97244922336041
80,127,-4.29107672292987
80,134,-4.59573841415085
80,141,-4.88202196310935
80,148,-5.14578120161787
80,155,-5.38319617506205
80,162,-5.59082846578319
80,169,-5.76567099076302
80,176,-5.90519155240398
80,183,-6.0073695116708
80,190,-6.07072505246608
80,197,-6.09434061341157
80,204,-6.07787417664465
80,211,-6.02156422117164
80,218,-5.92622626904008
80,225,-5.79324107435068
80,232,-5.62453462616439
80,239,-5.42255025491723
80,246,-5.19021324631801
80,253,-4.93088847521663
80,260,-4.64833167302023
80,267,-4.34663503443818
80,274,-4.03016795131894
80,281,-3.70351373191473
80,288,-3.37140322205213
80,295,-3.03864628955532
80,302,-2.71006216421484
80,309,-2.39040964216956
80,316,-2.08431816553301
80,323,-2
80,330,-2
80,337,-2
80,344,-2
80,351,-2
80,358,-2
80,365,-2
