climate,season,n_st,L_t2m,L_tv
A tropical,summer half,129,-4.18432760009165,-6.03176446834497
A tropical,winter half,129,-4.12022738634963,-5.78483191603892
B arid,summer half,90,-5.91182046893955,-6.85079209317889
B arid,winter half,89,-4.258309828941,-4.86602096936457
C temperate,summer half,205,-4.6700888071163,-5.86516404961081
C temperate,winter half,205,-3.98650115079372,-4.75336844868059
D continental,summer half,171,-4.930106245257,-5.62281848905188
D continental,winter half,171,-2.73629168804085,-3.02645850821767
E polar,summer half,39,-3.54271258428522,-3.82880755163281
E polar,winter half,38,-2.495448617294,-2.678280941069
