metric,climate,n,q10,q25,q50,q75,q90
bias,E polar,149,-6.63266111746904,-1.49938810132981,0.966084555991066,4.27927711807314,9.17350836534637
bias,D continental,895,-4.66494549561207,-2.26818286710507,-0.491763542942574,1.26623549573612,4.91535928271262
bias,C temperate,630,-8.46062773739395,-3.2057812298499,-0.342709981449492,2.0162630639349,6.5949145111216
bias,B arid,484,-11.2131582002817,-5.3502725345448,-1.58596877326004,1.31686451468556,5.37430636921779
bias,A tropical,265,-7.23659571653178,-2.48209484137684,0.824841455339745,4.15317781606153,10.0851362439898
sd,E polar,149,2.92356555849576,3.54225582778117,5.00846326094385,6.74301220920034,9.40398471911903
sd,D continental,895,2.42417246086988,2.75621674299337,3.49691266977873,4.76421171835403,7.24698515376017
sd,C temperate,630,2.40574112913086,2.76994164941234,3.3710490714989,4.56668723998158,6.39542750926534
sd,B arid,484,2.73730329569929,3.20427070228565,4.01379439902618,5.19897035997562,7.07545233722221
sd,A tropical,265,2.65094891439645,2.99203331494556,3.58488811157517,4.44729445741819,6.42624223477246
