metric,year,n,q10,q25,q50,q75,q90
bias,1990,97,-20.2336883739114,-8.63269051475099,-2.32751996226806,2.42307911205069,8.17515505738913
bias,2005,97,-19.5783094569173,-7.93333111735226,-3.13984373994007,1.37104413408964,10.9347095893845
bias,2015,97,-21.9602483732997,-6.57742179505402,-2.43204533305003,1.01677379716513,10.5462850206078
bias,2022,97,-15.9390037314126,-4.38381627754463,-1.43426317766137,3.20757572863877,11.4549749250562
bias,2023,97,-14.8153540625451,-4.89637827748336,-1.49074887517213,3.23591564562258,11.3602235347388
bias,2024,97,-19.4709481408513,-5.12697262177261,-0.997362831198093,2.84667727043996,11.7786849318733
sd,1990,97,3.94628885035677,4.76534711780952,6.30891882159133,8.42113050548122,10.6497951964525
sd,2005,97,3.04463660129998,4.04972413599626,5.09776609295632,6.70297245176232,9.9073623262838
sd,2015,97,2.78856340311425,3.47071075937568,4.46583183008572,6.3108147902532,8.93425829461335
sd,2022,97,2.5856219147166,3.04434503930404,4.04597453217906,5.23989681936695,7.54231958154256
sd,2023,97,2.55399525441788,2.95098106368358,4.00971997254537,5.23823686087646,8.07031424095006
sd,2024,97,2.50241870424045,3.01134992851412,4.08880663492228,5.35830118841949,8.19759342294361
