metric,month,n,q10,q25,q50,q75,q90
bias,1,2502,-6.67649287090125,-2.43580074952103,0.322141658309974,3.06313344266304,8.16242568283644
bias,2,2502,-6.94049851308652,-2.42747889111575,0.179591491101233,3.00025627338255,7.73309799787366
bias,3,2502,-6.94032332999389,-2.66672209291379,0.0469685283539803,2.66142679146449,7.11682750191803
bias,4,2501,-7.22527143529154,-2.8481181079777,-0.314864856826728,2.18642131587269,6.15871660315259
bias,7,2495,-8.69334313115231,-3.90328217583619,-1.06181208718952,1.51259842535494,5.77634940899378
bias,9,2496,-7.67731927250695,-3.35266745150665,-0.780958533658178,1.78352970459507,6.19385362197492
bias,10,2501,-7.25834210274096,-3.08883594243966,-0.513692054923349,2.12542877434074,6.49788808072426
bias,11,2502,-6.87841229616335,-2.81308518954524,-0.187848174320637,2.44125102821668,7.30555674951791
bias,12,2502,-6.92896841523332,-2.57707000768451,0.0774413634628395,2.75348262856497,7.86776001332838
bias,5,2497,-7.63625681176164,-3.21946218104293,-0.50527530782966,1.93723424638588,5.90957524587595
bias,6,2496,-8.2366378178158,-3.72673310573114,-0.821765720395567,1.68538366450212,5.68579795313025
bias,8,2493,-8.27670578156533,-3.66109155556292,-0.944211790753293,1.66063582119043,5.98606195764942
sd,1,2502,2.25445293216645,2.61154614482179,3.32985204982448,4.72585200609873,6.73580361234696
sd,2,2502,2.20996619071274,2.59834607702592,3.34772256315715,4.6354528826346,6.84798681154349
sd,3,2502,2.24869986746809,2.68819030425669,3.39635956163499,4.64335079736027,6.77096230708022
sd,4,2501,2.35408743929506,2.80328353313472,3.53624066716123,4.74496092574796,6.66525871772231
sd,7,2495,2.41610003354913,2.85319381118312,3.56979272340587,4.79335861756941,6.43795390402728
sd,9,2496,2.20760786404091,2.56892091244412,3.29896341322493,4.52124426200119,6.33379064281896
sd,10,2501,2.14650474693526,2.49984778838947,3.18675904745251,4.33868334886702,6.34110765434871
sd,11,2502,2.1837078787513,2.52772737834563,3.21112017307008,4.46819344328576,6.4227616513369
sd,12,2502,2.18793940520977,2.52656086586496,3.21318968667476,4.62708009242834,6.74231333551825
sd,5,2497,2.39102889658447,2.85400433348868,3.6143536021357,4.84121029673244,6.61276580120659
sd,6,2496,2.48623231936021,2.96131143166896,3.65088113066727,4.85570864566777,6.5756161026959
sd,8,2493,2.29361945182819,2.72871517372285,3.41412309969564,4.58480285210044,6.40345114691945
