group,subset,dataset,n_stations,n_obs,abs_bias_median,abs_bias_p90,sd_median,sd_p90,mae,rmse,p95_abs
all,all stations,sl,2646,39358571,2.75270853695705,15.8846902731868,3.68009520208537,7.38899229268228,11.6589678898037,52.5958078144648,33.6208955188042
all,all stations,land,2294,33605678,10.272012228508,66.1763265701085,5.03721789219526,9.94138373783101,27.8049631055702,63.2930116040912,99.9035120760838
all,"reference set (plausible offset, no step change)",sl,2502,37771260,2.54675027670127,11.4115117084335,3.62474524757555,7.04954305371454,6.06857707912777,9.56785126685737,20.4512038417038
all,"reference set (plausible offset, no step change)",land,2160,32143192,9.47894619694954,58.3111505990387,4.95234183266764,9.5837323593854,22.2447494294729,38.235690689252,85.1773113916436
terrain,flat (<20 m),sl,870,13535720,1.91110448057774,8.27688973521084,3.06330390229648,5.07760650490487,4.64439808076194,7.19377628720674,15.2570803535207
terrain,flat (<20 m),land,646,9652694,4.32547263002676,14.4975230534817,4.14806631099799,6.51641303628861,8.04624216923115,12.8325055942225,24.6035655472894
terrain,gentle (20-50 m),sl,493,7280660,2.44567077911895,9.19726131900094,3.29433309647993,4.93450970166718,5.01642109270025,7.31543985575864,15.5139712629576
terrain,gentle (20-50 m),land,445,6653620,8.85292104737046,32.0316621883574,4.51965010933801,6.4611684407531,14.0684997418943,20.2123583157596,41.8690624489225
terrain,hilly (50-150 m),sl,622,9133179,3.16987938146139,11.8830178046152,4.10548082692145,6.53325368324474,6.52135213156388,9.74937081113331,20.6537912732398
terrain,hilly (50-150 m),land,569,8276115,18.7524924386367,67.1135295254144,5.58148892275226,9.45915988718267,29.3298303894207,43.1559581374115,91.8440853782157
terrain,rough (150-300 m),sl,373,5610548,4.39443768926169,19.650480146355,5.78555564510367,9.90624410770848,9.76629318322116,14.0077584528227,31.1756631687476
terrain,rough (150-300 m),land,357,5375276,35.3834749500731,105.201176533706,8.09263012007189,14.8557888971634,46.4520316798332,62.2521202527118,132.481108918015
terrain,mountain (>300 m),sl,144,2211153,5.89802863798068,24.0844523228123,8.17964045390902,14.4354005331496,13.4138460954683,20.1969114489866,42.214597932646
terrain,mountain (>300 m),land,143,2185487,52.9227326654947,154.503279044439,11.5533297641389,25.6827760569594,68.1887001087455,91.0497745184541,182.498446877569
elevation,<200 m,sl,1261,18840081,2.09196904701565,8.99550760192929,3.20427070228565,5.24105574741417,4.9759351207925,7.67536028031412,16.4124363655379
elevation,<200 m,land,925,13327042,6.66216644447523,35.4794154480093,4.41545343078627,7.22125774507674,15.4994194162607,27.5850026952082,59.2940002015724
elevation,200-500 m,sl,402,6151486,2.70737363891714,10.0163470168127,3.70221084973883,7.04226585948246,5.81950421873061,8.70279071117562,18.1792379830238
elevation,200-500 m,land,396,6036457,8.13510722061106,48.2225049739284,5.03858604191648,8.57554095129098,18.8128137102817,33.0093090807725,75.1799932985693
elevation,500-1000 m,sl,269,3590601,3.04158052319492,13.3971194709768,4.24208199550974,8.17964045390902,6.8422547354425,9.99879026841734,20.9553188540945
elevation,500-1000 m,land,269,3590601,15.3835728350354,70.1623175129812,5.58963273933381,10.8927972905628,29.079348894584,46.9521975334844,100.380617173441
elevation,1000-2000 m,sl,442,7209003,4.68104574675924,20.1575249472026,4.99706920565146,9.24657652443996,9.75462015245323,14.1338334889633,30.5335795112384
elevation,1000-2000 m,land,442,7209003,25.4300465565872,87.7534047516354,6.85234477174971,12.6499706567536,39.1746215912896,55.4581142809422,119.822310764032
elevation,>2000 m,sl,128,1980089,6.31750899559113,23.6180352680313,6.82411535950854,16.8604954522073,13.108359503765,20.3160983497974,43.6504828312764
elevation,>2000 m,land,128,1980089,33.6284601488475,134.080094072846,11.0642478573015,20.946944772013,54.3002677122909,72.417188986708,151.229643687561
latitude,tropics (0-23.5),sl,419,5006638,3.3905909716339,14.810377114318,3.57447548412626,6.38584963409944,6.88776248450826,10.6705631888816,24.6701807460391
latitude,tropics (0-23.5),land,316,3453884,9.0737630555623,54.4048815514574,5.22222262537269,9.59013770754879,22.0116962455027,40.3984759742881,89.5700580717362
latitude,subtropics (23.5-45),sl,1009,17222630,3.04939600979132,13.7793190813469,3.88333440158655,7.55711377588954,7.02376181567108,11.0411168686403,23.0465701870708
latitude,subtropics (23.5-45),land,924,15600571,14.9860572176281,76.0457905250821,5.36397336665159,11.5886950022098,29.0614196519653,46.1274310986382,107.045984404478
latitude,mid-latitude (45-66.5),sl,932,13700273,2.04034774012353,7.64054824711001,3.36891745115616,6.95166010379081,4.84456003559003,7.38110612473432,15.204262108149
latitude,mid-latitude (45-66.5),land,828,11850152,7.27166083703561,38.7168969679025,4.55382222026856,8.34143259512502,15.9313908022082,27.510440986263,60.6135710024173
latitude,polar (>66.5),sl,142,1841719,1.77673020251998,9.16556633159886,3.78335944591776,6.90383951802951,5.35366599360312,8.29301998849743,18.2263689166725
latitude,polar (>66.5),land,92,1238585,7.5522426842073,35.4794154480093,4.91362655153617,8.99535362441686,18.1365591685394,33.4082371430226,58.1825200082017
climate,A tropical,sl,265,2896891,3.54585021177784,15.3103250706263,3.58488811157517,6.42624223477246,7.00165191462175,10.7773605983872,24.9185264293247
climate,A tropical,land,197,1968498,9.04921012250117,48.8946877035408,5.25623743033402,9.05191869628584,21.215763564213,40.3806768557382,69.0671801585506
climate,B arid,sl,484,7455370,3.38009986948588,13.7793190813469,4.01379439902618,7.07545233722221,6.72777745831231,9.69417282428239,21.1122466778056
climate,B arid,land,468,7235990,12.6599570758587,66.393773775476,5.29533349521782,9.68758841258076,25.7214012898406,41.5947671505989,95.597900977759
climate,C temperate,sl,630,11524085,2.66336542362371,12.1531751308942,3.3710490714989,6.39542750926534,6.2907494284594,9.9399773080098,22.1839949645346
climate,C temperate,land,547,9829520,13.1041448040816,68.3796324379384,4.82127909778682,9.82799803230809,25.7770548453641,42.1485485411391,97.0278576120852
climate,D continental,sl,895,12270596,1.87462672275999,7.55037871961868,3.49691266977873,7.24698515376017,5.10762701176132,8.43621630079415,16.504215918391
climate,D continental,land,833,11370563,7.32664619565196,41.1202619521338,4.66554231850196,8.99535362441686,17.5527018827785,31.6025272090258,69.6276441551175
climate,E polar,sl,149,2248672,3.17144752058662,11.6705492271262,5.00846326094385,9.40398471911903,7.52367278730123,12.0474478094544,24.4851554312686
climate,E polar,land,106,1635955,17.6023882547756,83.9369231318628,6.53752864442079,15.9816144600056,31.1145851931709,47.6844005706043,94.2032396718123
