adz,abs_bias,sd
0,2.31307320395688,3.30747107928705
1,2.11891109518724,3.30598258481799
1.10762578558819,2.10594802087043,3.30568631080613
1.22683488089985,2.09277288386355,3.3053169643362
1.35887394874369,2.07949868267063,3.30485814585802
1.50512382499255,2.06625690696746,3.30429126631037
1.66711395906488,2.05319792012286,3.30359588629611
1.84653840857427,2.04049022777258,3.30275022752556
2.04527355541584,2.02831946374168,3.30173190730857
2.26539772856022,2.0168868332265,3.30051875648979
2.50921293876621,2.006406015453,3.29909126606001
2.77926895250897,1.99709822426046,3.29743661261546
3.07838995688361,1.98918806966966,3.29555138807568
3.40970409434,1.9828974382686,3.29344593856573
3.77667617611661,1.97844321031712,3.29114552990516
4.18314391648335,1.97603224001088,3.28869346232145
4.63335806672332,1.97585439129417,3.28615532379976
5.13202686856579,1.9780773842724,3.28362149511192
5.68436529195488,1.98284151429247,3.28120924476094
6.29614957207176,1.9902572635646,3.27906228788632
6.97377761594672,2.00039780200783,3.27735222533993
7.72433591038031,2.01329480224515,3.27627693431169
8.55567363088204,2.02893153304922,3.27605852325159
9.47648472664188,2.04724816659197,3.27693674654483
10.4963988399612,2.06814168095641,3.27916119281553
11.626082010959,2.09146383810025,3.2829826620364
12.8773482207011,2.11703032320606,3.2886459165372
14.2632829392467,2.1446293462189,3.29638309757598
15.7983799706498,2.17403022443434,3.30640313382707
17.4986930260117,2.20499238143365,3.31888724366679
19.3820036097027,2.23727921194129,3.3339804858893
21.4680069744701,2.27067361198994,3.35178329322387
23.7785180901102,2.3049878462277,3.37235533258719
26.3376997796812,2.34007496865228,3.39571832038738
29.1723154090553,2.37584043110265,3.42186296542337
32.3120087723813,2.41226282344147,3.45075529535872
35.7896141004413,2.44939842506972,3.48235248953413
39.6414994338994,2.48738547853544,3.51662414053996
43.9079469523665,2.5264419383269,3.55357246250876
48.6335742366795,2.56686242903222,3.5932610324921
53.8678008698636,2.60901921609727,3.63584828339612
59.6653652563908,2.65334491247365,3.68159612305513
66.086897064516,2.70032230618245,3.73089946551451
73.1995512781703,2.75047554801231,3.78431586296101
81.0777104891864,2.8043595757451,3.84255452097297
89.8037627742768,2.86254972643328,3.90648960306081
99.4689632916336,2.92562970539821,3.97718357062828
110.174388607538,2.99418858349876,4.05588301759229
122.031993733123,3.06880900524183,4.14402660848603
135.165782925543,3.15005805496137,4.24325226213101
149.713106497548,3.23848385699849,4.3553904101228
165.826097197194,3.33458738531799,4.48245249952164
183.673261179066,3.43882791103938,4.62663144744515
203.441240205007,3.5516397963636,4.79031974582533
225.336763503106,3.6734304185042,4.97610459511953
249.588809697028,3.80457691286729,5.18676118223144
276.451001414692,3.94542226918749,5.42521879663349
306.204257618589,4.09626222972573,5.69446300671709
339.159731395238,4.25736078327889,5.99761116121604
375.66206392653,4.42895709259351,6.33792605734648
416.092988672303,4.61126757608834,6.71876636758327
460.875323455897,4.80449031464777,7.14350660482473
510.477392201048,5.0088102776458,7.61554713104779
565.417922561696,5.22440468735283,8.13832618651391
626.271470663041,5.45144519259642,8.71532744275963
693.67442968462,5.69009994581768,9.35008416881817
768.331685121866,5.94053751090327,10.0461882569471
851.023986325404,6.20294177863175,10.8073357478505
942.616111408068,6.47751625805052,11.6373618002315
1044.06591090644,6.76449717309941,12.5403513106077
1156.4343247736,7.06418244697719,13.5208790028345
1280.8964774585,7.37694202345949,14.5841811403825
1418.75396710212,7.70319145367729,15.7360371928835
1571.44847736784,8.04337995035373,16.9827328494191
1740.57685425592,8.39800728789113,18.3312703766291
1927.90780557183,8.76761538169643,19.7893595531561
2135.4003976881,9.15279507606359,21.3655573089477
2365.22454303461,9.5541680097686,23.0691468458622
2619.78369257118,9.97237766226071,24.9100847690383
2901.73997055528,10.4080898062853,26.8990409618828
3214.04201445894,10.8619930298591,29.0474406005977
