metric,hour,n,q10,q25,q50,q75,q90
bias,1.5,2453,-6.80650024406029,-2.53263435724134,0.0519555671884528,2.67536420277615,7.347297358702
bias,4.5,2470,-6.59860475179561,-2.4564501876189,0.0270098829890259,2.70992639079196,7.33789115343502
bias,7.5,2502,-6.86320479290357,-2.81725990305241,-0.208552330692477,2.28697041550996,6.87106537412774
bias,10.5,2502,-8.24554175763098,-3.66476778673775,-0.766441333309026,1.82532593915772,5.3539222549274
bias,13.5,2499,-8.658622274739,-3.85382939525828,-0.87075027578062,1.68170245220266,5.59388110404934
bias,16.5,2502,-7.81978026891813,-3.34934145136257,-0.681469742116382,1.8628679819311,6.09370162643126
bias,19.5,2485,-6.92107275696674,-2.66355704908368,-0.226573974458962,2.30762368013436,6.98070412603699
bias,22.5,2389,-6.65813232633841,-2.57843181819774,-0.0285144123700977,2.51342436311976,7.10836710240862
sd,1.5,2453,2.32152901066428,2.71800296968163,3.43979162972129,4.50212256972886,6.43702549812506
sd,4.5,2470,2.27713220258201,2.70211686861959,3.36162596824099,4.44715051940485,6.32952095541437
sd,7.5,2502,2.27034747465693,2.60779548103391,3.30483656819409,4.45958867615159,6.26097493856503
sd,10.5,2502,2.3977207108684,2.74807562494604,3.37519190079389,4.49561330812195,6.19447015112783
sd,13.5,2499,2.56899969963598,2.99501230171083,3.67668802744195,4.83091203129442,6.53832639478165
sd,16.5,2502,2.52702005176581,3.02990060138924,3.80994854551849,5.00518284979475,6.75137396820977
sd,19.5,2485,2.39304963732119,2.76020312345068,3.46431513859796,4.67189996978828,6.30143420966652
sd,22.5,2389,2.34249490037823,2.69220733170207,3.38392707358006,4.45609034990671,6.1449528547207
