metric,value
A_n_stations,969
A_n_obs,13305349
A_gross_fraction,0.000758260015499778
A_abs_bias_median,3.44924113590575
A_abs_bias_p90,21.6952477836686
A_sd_median,4.17826798848889
A_sd_p90,8.75843991001393
A_mae,16.795715713189
A_rmse,81.3011258923032
A_p95,43.9394312800255
A_n_inconsistent,50
A_cons_n_stations,919
A_cons_abs_bias_median,3.18714687451948
A_cons_abs_bias_p90,15.4992276059108
A_cons_sd_median,4.13094608206181
A_cons_sd_p90,8.51860534460808
A_cons_mae,7.39312365128299
A_cons_rmse,11.7573190636953
A_cons_p95,25.3541812678077
A_cons_land_mae,28.9322706885603
A_cons_land_abs_bias_median,13.3532608211573
A_trusted_n_stations,682
A_trusted_mae,6.55020978971567
A_trusted_abs_bias_median,2.96565587925448
A_land_mae,31.4121315859151
A_land_abs_bias_median,15.4207021309249
B_n_stations,326
B_n_soundings,367896
B_gross_fraction,0.0005966458291852
B_rel_bias_1000_1500,-13.5981591524358
B_rel_rmse_1000_1500,24.1884589284402
B_rel_bias_2000_3000,-34.9510038775017
B_rel_rmse_2000_3000,58.9957941253855
B_rel_bias_5000_6000,-90.6248708363946
B_rel_rmse_5000_6000,137.233209629843
B_bird_weighted_bias,-10.7286175881431
B_bird_weighted_mae,15.6359315072732
B_bird_weighted_rmse,30.5804115108351
B_temp_r,0.963405853700936
api_max_abs_diff,0.0876987303488477
