set,terrain,n_stations,abs_bias_median,sd_median
"GNSS, height-checked",flat (<20 m),15,2.52225165200065,2.52667692566598
"GNSS, height-checked",gentle (20-50 m),8,1.19652261810411,2.68787078297349
"GNSS, height-checked",hilly (50-150 m),18,1.74505107632154,3.09388096740499
"GNSS, height-checked",rough (150-300 m),3,5.28113323548795,3.9417364228838
"GNSS, height-checked",mountain (>300 m),3,9.35290687647897,9.00798092386846
HadISD reference set,flat (<20 m),870,1.89793269580266,3.06528786468302
HadISD reference set,gentle (20-50 m),493,2.49933039891317,3.33893095036838
HadISD reference set,hilly (50-150 m),622,3.20662999595712,4.15530324247564
HadISD reference set,rough (150-300 m),373,4.70013241020009,5.83227192006677
HadISD reference set,mountain (>300 m),144,6.11326392867164,8.49389968068997
"MeteoSwiss, in ISD",hilly (50-150 m),24,2.43022600289933,2.93431279645822
"MeteoSwiss, in ISD",rough (150-300 m),42,1.91615945845948,4.13800029688032
"MeteoSwiss, in ISD",mountain (>300 m),63,4.98338326962413,9.62025520222918
"MeteoSwiss, not in ISD",hilly (50-150 m),1,1.9747694183496,2.89362084986904
"MeteoSwiss, not in ISD",rough (150-300 m),2,1.68950081907051,4.20350642403881
"MeteoSwiss, not in ISD",mountain (>300 m),6,6.9859838009066,9.95620540129161
