source,id,lat,lon,elev,height_ok,sensor_class,in_isd,z_sl,z_land,sdor,n,bias_sl,sd_sl,bias_land,sd_land,bias_hdr,bias_08,dz_sl
GNSS,ACRG,5.64147113121372,-0.207111762276419,58.8473713685469,TRUE,weather transmitter (WXT),FALSE,77.1497469988477,30.9408188576119,56.1531372070313,17395,-2.29905884231791,2.60887363674976,-3.51213249615855,3.60991196400447,-2.16907082116024,-2.5181486623523,-18.3023756303009
GNSS,AUBG,48.4213021031892,10.9213000706404,461.662030630146,TRUE,barometer (other),FALSE,472.548691847496,498.378730886694,26.510498046875,25393,-0.772820342385061,2.92277049818585,-2.3101745794362,3.99555295310536,-0.795273756421352,-0.718520586286786,-10.8866612173503
GNSS,BAUT,51.1923441222289,14.5217346997869,168.711930254271,TRUE,barometer (other),FALSE,206.965595810623,204.088631821264,32.0849609375,27373,-0.896870520717013,2.84791921806879,-0.717192899401579,4.09647550211551,-1.47519660957767,-0.711404064592699,-38.2536655563523
GNSS,BIK0,42.8541933214699,74.5331824663215,773.698539813105,TRUE,barometer (other),FALSE,1636.4902200452,771.050846236992,367.191711425781,25624,57.9479929169876,12.3687392470908,-94.6157239320342,25.0359289953003,58.0926437897159,57.5621684379981,-862.791680232094
GNSS,BORJ,53.5789094141726,6.66643423975529,11.9635162439296,TRUE,barometer (other),FALSE,-0.947768462599359,0.145389225678494,0.24310302734375,22024,-2.52225165200065,2.2819996395317,,,-3.44518589072506,-2.19702637021709,12.911284706529
GNSS,BRMG,47.9077379873725,7.63287866160535,211.95449973266,TRUE,barometer (other),FALSE,445.533780409849,255.890215440543,144.95849609375,25399,3.45636250870015,4.06023056216403,-20.5880763442975,4.49383847274437,2.90325801048513,3.56369392311032,-233.57928067719
GNSS,CMEL,43.9579574714168,8.1700376295089,233.444703429648,FALSE,barometer (other),FALSE,130.805541153834,12.5859270240092,11.300048828125,7698,-14.5206520583219,4.18445466839836,,,-1.07772196378178,-13.7937002780255,102.639162275814
GNSS,DIEP,52.5880568961666,8.34223255777153,38.4353284210986,TRUE,barometer (other),FALSE,50.3638733824752,41.1379809873912,21.9759521484375,27397,-1.01522509466305,2.26437258154568,-4.09777976784991,3.10658749836774,-0.971647163856474,-0.962995196612617,-11.9285449613766
GNSS,DILL,49.3715664869938,6.69967521066307,179.126535016222,TRUE,barometer (other),FALSE,272.138606599221,256.705988410925,32.949462890625,24771,-1.37782014154516,2.44820911829363,8.7694397812545,3.51388068771237,-1.60878546992711,-1.24969099429006,-93.012071582999
GNSS,ENAO,39.0912027913727,-28.0260114975628,32.7941310528618,TRUE,weather transmitter (WXT),FALSE,3.58558709204978,27.6777269760826,0,24984,-23.0294008629834,3.25538378898568,,,-22.9088195611751,-22.4748946116344,29.2085439608121
GNSS,ENZA,44.9073186311438,9.73659516881985,170.008088670153,FALSE,barometer (other),FALSE,196.010019747442,215.713396649213,103.238342285156,5723,-36.9478349454735,2.84965879717818,-76.0244935516779,4.33236348594472,4.03884268643074,-37.1347985783524,-26.0019310772888
GNSS,GELL,53.4502675544836,14.3218121464266,44.9120803329943,TRUE,barometer (other),FALSE,25.2696930303672,25.2304080649355,17.1886596679688,27370,-3.28239208239083,1.96576319097859,-7.7391804129162,2.95335847896302,-3.21673360201483,-3.02230702316228,19.6423873026271
GNSS,GOET,51.5002161639935,9.95056306004075,168.364664045726,TRUE,barometer (other),FALSE,257.880105989941,257.725704623903,62.7813720703125,16225,-1.62644388045396,2.32239477223662,-20.6163849766334,3.94190607357115,-1.29388312212399,-1.78401647278616,-89.5154419442144
GNSS,GOP6,49.9136666314835,14.7856027131971,547.093695769103,FALSE,other/unknown,FALSE,303.412426532634,412.926512239144,45.621337890625,8727,1.52839412164706,3.57111160814306,3.34057227910459,3.98440747359235,3.59402921672483,1.39702340667566,243.681269236469
GNSS,GOP7,49.9136664756977,14.7856023729276,547.095210143598,FALSE,other/unknown,FALSE,303.412426532634,412.926512239144,45.621337890625,7723,1.53951485125251,3.51349753611438,3.46249579603537,3.95206167097078,3.60666485798197,1.40814466053916,243.682783610964
GNSS,GOPE,49.9137046614359,14.7856223402255,547.144969672351,FALSE,other/unknown,FALSE,303.412426532634,412.926512239144,45.621337890625,19237,1.61747252744699,3.51276458036411,3.57001162553222,3.96652200599121,3.7342976487098,1.48603460332572,243.732543139717
GNSS,GOR2,53.0497087161805,11.349605929725,20.0046057106663,TRUE,barometer (other),FALSE,26.3579214264045,19.3160540296635,13.7701416015625,26397,-2.37225374267566,2.0219681259796,-7.64933542085686,3.00920416522609,-2.4116599939497,-2.22691408702996,-6.35331571573822
GNSS,HEL2,54.1863152973464,7.87653411897717,53.0960859290078,TRUE,barometer (other),FALSE,0.203395543457756,0.349332468274079,0,25370,-1.5921289960525,3.53785252788489,,,-1.48915459452933,-1.34392436008707,52.8926903855501
GNSS,HELG,54.1744831303963,7.89309554222669,8.96320050410115,TRUE,barometer (other),FALSE,0.203395543457756,0.349332468274079,0,25347,-1.04941441038153,2.52667692566598,,,-1.04429559366306,-0.804631642221867,8.75980496064339
GNSS,HOFJ,50.3129050935924,11.8758952059684,567.02233983736,TRUE,barometer (other),FALSE,546.010880132997,558.134100967201,57.4320678710938,27374,-2.9859062282396,2.61624393383633,23.9959770726356,3.61280413811378,-2.95549781749833,-2.86024765914021,21.0114597043632
GNSS,HOFN,64.2672944217894,-15.1979145884607,18.149178453995,FALSE,weather transmitter (WXT),FALSE,188.708692331862,93.5513943344567,88.3036499023438,24790,4.71071399870147,3.34712995682209,-49.6346244641021,5.81910686547498,4.71071399870147,5.31995066458596,-170.559513877867
GNSS,ISTA,41.1044467219069,29.019337716021,108.956051241643,FALSE,weather transmitter (WXT),FALSE,84.1439645705975,84.577891660251,14.7229614257813,24040,-2.22712808115844,3.12845737946438,-17.6965568990411,3.4817182012339,-3.38900823792432,-2.14229944098271,24.8120866710458
GNSS,JOG2,-7.76381409624455,110.372462891289,145.300485858204,TRUE,barometer (other),FALSE,199.412127628319,91.3080186659053,142.697631835938,25119,0.803440072105481,3.18049607197973,11.4988302862601,4.26112166528445,0.924073264020308,1.62395187786186,-54.1116417701146
GNSS,KARL,49.0112470145219,8.41126260933316,133.460737165191,TRUE,barometer (other),FALSE,230.787919183029,143.109602285184,63.8345947265625,27365,-0.670193593985489,2.78319649894283,-14.4464429957949,4.51586828668548,-0.652267532671175,-0.614851223126692,-97.3271820178378
GNSS,KIT3,39.1347674917756,66.8854493876306,659.935529217898,TRUE,weather transmitter (WXT),FALSE,1209.38288089269,635.428589910928,303.286193847656,23353,2.94172384758746,9.00798092386846,-156.758624364872,11.7994617761947,3.06233008765582,2.56846894235798,-549.447351674788
GNSS,KLSQ,66.9956052454445,-50.6202369005583,321.628503800474,TRUE,barometer (other),FALSE,330.581490382164,279.343688339035,110.596740722656,9501,3.92231313008528,3.00726586283026,-17.3945773106345,3.90145233795213,4.55712662222106,3.75181114706476,-8.95298658169065
GNSS,KUNZ,49.1072911369013,15.2009392392698,649.571147319915,TRUE,other/unknown,FALSE,537.333732483188,604.429217036399,39.2669067382813,21829,-8.96291917918381,10.5405817499278,23.7543358573638,11.3009183314741,-8.07945781392664,-9.0468988218181,112.237414836728
GNSS,LDB2,52.2091260271741,14.120927910774,118.989123383287,TRUE,barometer (other),FALSE,52.9669380120888,55.2100647264866,11.210693359375,27372,-3.12010516181095,1.89201055757329,-0.750843804482488,2.94087331639445,-3.08683279150233,-3.07828502006053,66.0221853711986
GNSS,LEIJ,51.3539820530978,12.3741020931291,133.050641138223,TRUE,barometer (other),FALSE,154.493230119995,124.754710451581,21.6446533203125,22976,3.09966829446183,2.52782234787819,-10.7251163666455,3.66273088669051,3.21988875847234,2.85230422577763,-21.4425889817725
GNSS,LHAZ,29.6573313763326,91.104031140764,3664.39364958895,FALSE,barometer (other),FALSE,4362.02475847066,4176.49511109808,434.268615722656,3640,193.205163625971,20.4516192668868,49.0440797394379,23.6970470678455,3827.84643755551,193.165153967237,-697.631108881704
GNSS,LPGS,-34.9067454151937,-57.932299551638,14.8313090732057,TRUE,weather transmitter (WXT),FALSE,15.9309248220595,6.67157298873724,5.47564697265625,26170,-0.0262330044462973,2.95046556700196,-0.0637505711085919,4.23542037891564,0.0427123059615795,0.00327414979354579,-1.09961574885386
GNSS,MIZU,39.135170103184,141.132826474433,79.007691517205,TRUE,weather transmitter (WXT),FALSE,399.998671580637,90.6961889381185,167.209716796875,26249,-1.7287494188108,3.9417364228838,-6.46822003047599,4.75843089293096,-1.60821546857139,-1.67914785284843,-320.990980063432
GNSS,NVSK,54.8406249413915,83.235464880081,169.063597506375,FALSE,other/unknown,FALSE,170.036732488286,164.319699515125,30.9148559570313,25236,-5.26604884842599,3.8280047391335,-5.36304329721109,4.59093341439591,6.57363800348824,-4.80696108813862,-0.973134981911045
GNSS,NYA2,78.9303326707223,11.8586380969878,40.3497561608187,TRUE,barometer (other),FALSE,231.903233790974,105.380102405001,94.5264282226563,26229,1.12121882838219,2.75052818597004,-3.04725516778148,3.79218152339188,1.12110895776658,0.113954712866608,-191.553477630155
GNSS,OBE4,48.0848050425512,11.2778568516443,598.68160001335,TRUE,barometer (other),FALSE,606.635797281054,591.988679238068,56.0867309570313,26304,-2.81489458898372,2.46682353625168,-27.4581607718467,4.80495251850388,-2.74497415920416,-2.34272367957556,-7.95419726770456
GNSS,OUS2,-45.8694746053683,170.510933098408,19.8025084392948,TRUE,weather transmitter (WXT),FALSE,120.136760275553,78.4595943823834,111.905212402344,26286,1.26845980898076,3.73888567471461,-61.9122232953261,5.17167203300264,1.33947921491498,1.58733792009688,-100.334251836258
GNSS,PALB,41.141937709543,16.7836690407882,89.3210028562853,FALSE,barometer (other),FALSE,70.6132067430009,64.5914538858836,27.2081909179688,4891,-72.9405021648572,2.59630219060945,-77.6936654780397,3.35201864061541,-0.983717496629204,-73.2114957317406,18.7077961132843
GNSS,PASA,43.3217638850901,-1.93151389120538,17.9261358506173,FALSE,weather transmitter (WXT),FALSE,304.94757742514,176.964180556051,96.8047485351563,22062,-0.328691109665398,3.66295951441398,-28.0336772809324,5.8169085808421,-0.328691109665396,-0.417722044641121,-287.021441574523
GNSS,POTS,52.3792973769681,13.0660913169541,92.5566996909902,TRUE,barometer (other),FALSE,38.5833628360602,46.0326188096853,8.02337646484375,25862,-3.69582234385679,2.10701987529526,-8.1378998022067,3.28584757546011,-3.57530328220049,-3.65362198154463,53.97333685493
GNSS,PTBB,52.2961879600593,10.4597442615763,90.1518542720945,FALSE,weather transmitter (WXT),FALSE,112.487693698281,76.8280484416187,29.2919921875,25139,-7.72432388419655,4.11143727770296,-31.4487515718313,5.74281302664438,-1.91935467530784,-7.85592176971572,-22.3358394261867
GNSS,QAQ1,60.7152628792174,-46.0477616924572,78.8662850437569,FALSE,barometer (other),FALSE,84.7004268946327,31.9605350705899,94.3125610351563,24610,-12.5364137303902,3.16806243627602,-30.400052024994,4.24250573662208,-7.48197353959363,-12.5111543955955,-5.83414185087582
GNSS,RANT,54.8105541499209,8.29075394356038,5.95077656422361,TRUE,barometer (other),FALSE,0.459121249993627,0.145389225678494,0,11729,0.314995310616691,2.30043350798906,,,0.722820851117572,0.630092824855897,5.49165531422998
GNSS,REYK,64.1387876327395,-21.9554903903469,26.6103179964923,FALSE,weather transmitter (WXT),FALSE,94.2897425630822,23.8028053667664,96.3121948242188,24694,3.49844868352915,3.47814967691011,-17.1324229608823,4.12423103329873,3.49844868352914,3.56290268872942,-67.6794245665899
GNSS,SAS2,54.510959665546,13.6430919775764,3.25272913421807,TRUE,barometer (other),FALSE,6.41968117616617,19.3160540296635,0,26746,-7.25381345060859,5.69886560507723,-8.94252392027659,6.34865514079954,-7.21385492711905,-6.79959405541107,-3.1669520419481
GNSS,SCOR,70.4853332087213,-21.950337383854,72.6102843654604,TRUE,barometer (other),FALSE,80.5530498596616,207.351723702794,60.093505859375,23075,1.86365827218911,4.76412158347682,,,2.1215651945936,3.01598364006776,-7.94276549420113
GNSS,SCUB,20.012062867971,-75.7623157833996,42.2394721782858,TRUE,barometer (other),FALSE,180.787966982226,101.913067280876,106.0517578125,22882,-4.57031747680653,2.80994432802286,3.07931244633962,4.76055675054245,-4.52429555312443,-2.79987398525597,-138.548494803941
GNSS,SGOC,6.89207533353324,79.874176673174,15.2540535636595,TRUE,barometer (other),FALSE,6.20896638059378,3.40848110720786,2.89208984375,25084,-2.75561087479516,2.60639133221027,-1.64923757121008,3.60271051015393,-2.62558845220878,-2.31552641911991,9.04508718306576
GNSS,SGPO,36.604184042032,-97.4848212582451,319.961476496546,TRUE,weather transmitter (WXT),FALSE,327.196908873698,311.566720669138,10.2539672851562,7792,-2.86349422650922,3.9003486891722,-11.6071541537345,5.45194687628394,-2.70801566797775,-2.82792596440714,-7.23543237715188
GNSS,SOFI,42.5560925312623,23.3947288436719,1075.30365827755,FALSE,weather transmitter (WXT),FALSE,1000.883179797,964.185096975012,314.314025878906,22728,-4.37326758287664,3.44398237565045,14.1752576109492,4.47719400095837,-4.37326758287668,-3.58300336365664,74.4204784805473
GNSS,SUTM,-32.3814352755041,20.8109099875906,1760.81750540442,TRUE,weather transmitter (WXT),FALSE,1472.78474021774,1487.91134396048,125.636962890625,26264,-0.543394371580948,5.90795379180168,52.9876258769116,11.7223864272964,-0.413393161661588,-0.622738724785677,288.032765186682
GNSS,TASH,41.3280490156241,69.2955661943411,480.667846869796,TRUE,weather transmitter (WXT),FALSE,456.20176463484,443.925885113673,30.594970703125,25864,-1.45875494533866,3.63828645399255,-52.8966399695039,4.4759894002018,-1.33816783397134,-1.73069832934004,24.4660822349566
GNSS,THU2,76.5370482454063,-68.8250506369505,24.7417876044601,TRUE,barometer (other),FALSE,181.163589009116,175.128691372691,132.186096191406,22438,5.22162285392596,6.28430541761378,-32.39016306271,7.67331504904359,5.44297267662301,4.89411513795879,-156.421801404656
GNSS,TIT2,51.0352336720051,6.43158128698138,110.832573176241,TRUE,barometer (other),FALSE,67.9926157409768,78.2556511397878,28.9174194335938,25220,0.543156082914083,2.2851794720568,0.241777852235709,3.50044984390915,0.535979180284627,0.322309888506268,42.8399574352644
GNSS,TUBO,49.2058943099663,16.5928377634198,278.838854113438,TRUE,other/unknown,FALSE,400.659893812489,276.080596457506,54.68408203125,18455,-0.841313262580722,2.95176295574924,-10.1413165859496,3.79871965689087,-0.506980436097479,-0.840723534213566,-121.821039699051
GNSS,TUC2,35.5331909789049,24.070558421462,139.554439616875,FALSE,barometer (Paroscientific),FALSE,269.549483402207,118.636413173714,111.564208984375,24736,-1.34787304600295,2.97851841615803,-1.12629440794408,4.43524107887521,0.826119154340375,-1.07913026885544,-129.995043785331
GNSS,ULAB,47.8650670876666,107.052329994953,1614.18197543559,TRUE,weather transmitter (WXT),FALSE,1533.8255103839,1531.35125463334,119.871520996094,24777,-0.607475754544223,3.76630603736308,-8.88715036173741,4.9380178358598,-0.486974455511472,-0.576263348995781,80.356465051688
GNSS,UNSA,-24.7274566351346,-65.4076434400758,1223.33506337825,TRUE,weather transmitter (WXT),FALSE,1813.95788548141,1297.4283553762,364.471374511719,26038,9.35290687647897,6.95523112688062,-135.472775791882,5.94646706388248,9.48291402832274,9.17412047441098,-590.622822103154
GNSS,URUM,43.807949844484,87.6006710094515,910.727939873503,TRUE,barometer (other),FALSE,1077.05159931335,951.540615934086,118.679077148438,26196,0.565468081728387,4.76836669745427,-90.1390430723753,9.02314718640937,0.611386600639776,1.24799865122873,-166.323659439845
GNSS,UTQI,71.3227547747549,-156.615015467316,13.6002326992977,TRUE,weather transmitter (WXT),FALSE,3.70548341240383,4.02031083499462,2.93658447265625,25976,-0.641187523257467,2.89831128351453,0.516469173952676,3.46586141032724,-0.641302895444365,-0.16029403868874,9.89474928689385
GNSS,VLFR,45.3902067263055,10.8671803263311,88.4596162767418,FALSE,barometer (other),FALSE,319.286540016851,23.1909756389797,156.983642578125,6577,-15.3780397501796,3.24745423274854,-19.1031161502386,3.98840071077421,5.77208069471124,-14.9411085180611,-230.826923740109
GNSS,VOIM,-21.9063012090062,46.7932680003654,1159.77645096583,TRUE,weather transmitter (WXT),FALSE,1181.2701812195,1043.92690482989,233.428894042969,14328,-5.28113323548795,3.22482536812601,44.9796988933807,4.47334772592702,-5.15117539300513,-4.98275512681425,-21.4937302536789
GNSS,VTRB,42.4406636655299,12.0582854482627,313.279833764134,FALSE,barometer (other),FALSE,302.52455643938,386.821777186909,86.54052734375,4479,-12.7886065380549,2.59525477912038,54.5631636546676,3.09321379053146,-0.84987313181955,-12.8071375948489,10.7552773247535
GNSS,WARN,54.1697900017911,12.1014287714596,8.84822587199209,TRUE,barometer (other),FALSE,10.7498901415111,3.20453786461228,6.5616455078125,27251,-1.86370915932737,2.16389555621971,,,-5.45639969414255,-1.48980461071891,-1.90166426951903
GNSS,WIND,-22.5749204419833,17.0894317066083,1702.47055183655,TRUE,weather transmitter (WXT),FALSE,1808.55378787927,1799.53661864653,124.022155761719,25703,-4.95584358334122,3.97697763882246,11.3026696430585,9.12616543793627,-4.83521776946805,-4.91354633767492,-106.083236042722
GNSS,WUH2,30.5316796819683,114.357266010785,42.690156345157,FALSE,weather transmitter (WXT),FALSE,23.3891929360434,28.6974431890605,9.3223876953125,26221,-3.27744938234496,3.76163564530179,2.07223475934858,4.68368080278028,-0.116773492732229,-2.77959992795667,19.3009634091136
GNSS,ZECK,43.7883907730728,41.5650673542269,1147.76554259385,TRUE,other/unknown,FALSE,1482.2477863395,1092.26145332504,232.328552246094,8673,8.712479613289,10.381889067431,-63.7408106763497,13.9303192427219,8.74647350759778,10.342507313612,-334.482243745646
MeteoSwiss,ABO,46.491703,7.560703,1326,TRUE,barometer (other),TRUE,1655.42746543481,2013.4730801293,303.96533203125,26276,4.39423729842684,6.82384304430154,-26.415336758382,14.3600083845013,4.39423729842679,4.39423729842679,-329.427465434807
MeteoSwiss,AIG,46.326647,6.924472,382,TRUE,barometer (other),TRUE,1441.42328842227,1132.03038563118,442.286987304688,26304,7.28904836292718,14.5448869242573,-35.1549325101567,12.6113327224316,7.28904836292719,7.28904836292719,-1059.42328842227
MeteoSwiss,ALT,46.887069,8.621894,440,TRUE,barometer (other),TRUE,1020.64018142345,1309.05312020415,309.476135253906,26304,14.5837192511532,5.72126244658409,31.6051685236084,11.44610977439,14.5837192511532,14.5837192511532,-580.640181423448
MeteoSwiss,AND,46.610139,9.431981,988,TRUE,barometer (other),TRUE,2096.78972025679,2016.53222876823,324.7431640625,26304,5.21516577358759,14.6814340661968,75.3036438587169,15.3990999975022,5.21516577358761,5.21516577358761,-1108.78972025679
MeteoSwiss,ANT,46.630914,8.580553,1436,TRUE,barometer (other),TRUE,1831.88776278405,2180.50259581509,399.904541015625,26304,-4.30268356968141,6.62950005063949,146.341203084211,17.9229026895029,-4.30268356968145,-4.30268356968145,-395.887762784055
MeteoSwiss,ARH,47.483631,9.56685,399,TRUE,barometer (other),TRUE,612.167359409814,462.280776947276,191.139831542969,26304,0.0439549275224153,3.53290809786776,-71.0101862846956,10.6816303613241,0.0439549275224067,0.0439549275224067,-213.167359409814
MeteoSwiss,ARO,46.792661,9.679014,1879,TRUE,barometer (other),TRUE,1999.28254400394,1840.93709689344,366.507995605469,26272,-0.51177565840948,4.52704458362511,13.6431679405403,3.88234956042712,-0.511775658409533,-0.511775658409533,-120.282544003941
MeteoSwiss,ATT,46.0991,7.26865,2735,TRUE,barometer (other),TRUE,2122.8924636758,1851.33820226581,498.508422851563,26304,-4.98338326962413,8.24269710949405,-17.4150280154032,11.3614807028757,-4.98338326962403,-4.98338326962403,612.107536324204
MeteoSwiss,BAS,47.541142,7.583525,318,TRUE,barometer (other),TRUE,505.424979876538,440.662793232144,134.611389160156,26270,0.613076105727953,3.73655976119911,0.339702571203962,4.80744294117286,0.613076105727942,0.613076105727942,-187.424979876538
MeteoSwiss,BEH,46.409158,10.019567,2261,TRUE,barometer (other),TRUE,2262.52188605755,2551.27141085386,324.611389160156,26088,-5.12219365613496,3.9672768002172,38.4886711381303,4.31554426705668,-5.1221936561351,-5.1221936561351,-1.52188605754782
MeteoSwiss,BER,46.990744,7.464061,554,TRUE,barometer (other),TRUE,605.377881733951,569.758865795149,115.019287109375,26304,-0.499216170972032,3.03343391159982,-101.625798503166,12.0110968893693,-0.499216170971977,-0.499216170971977,-51.377881733951
MeteoSwiss,BEZ,47.557256,8.233325,327,TRUE,barometer (other),TRUE,555.455204902413,491.444660638444,103.530090332031,26304,-2.47869009252889,2.86270114149559,22.4068898704899,5.12339567891938,-2.47869009252889,-2.47869009252889,-228.455204902413
MeteoSwiss,BIA,46.336053,8.978197,279,TRUE,barometer (other),FALSE,1217.29603803605,1357.3876686993,431.195007324219,26304,5.16622656964353,9.8019799566989,9.56851814486622,12.6720267063341,5.16622656964353,5.16622656964353,-938.296038036052
MeteoSwiss,BIE,46.524908,6.342386,684,TRUE,barometer (other),TRUE,768.103876339652,744.130338214375,243.522888183594,26304,-0.880854361049556,3.32943120190284,13.4920787448865,5.47803433138088,-0.880854361049501,-0.880854361049501,-84.1038763396522
MeteoSwiss,BIZ,47.508828,9.266797,508,TRUE,barometer (other),TRUE,632.435414122687,538.75949292062,126.731994628906,26304,0.406516554970207,2.73930051565839,-69.9660586321894,8.50033443044167,0.40651655497021,0.40651655497021,-124.435414122687
MeteoSwiss,BLA,46.422261,7.825914,1549,TRUE,barometer (other),TRUE,2031.82065271079,2155.62152021842,412.981079101563,26304,-4.27037242306136,7.01189174387948,-15.3642337509286,7.5887184621093,-4.27037242306142,-4.27037242306142,-482.820652710788
MeteoSwiss,BOL,46.623519,7.384206,821,TRUE,barometer (other),TRUE,1655.42746543481,1524.41718438509,303.96533203125,26304,6.81558532395365,10.6525652825056,26.1100824721764,7.72171027604557,6.81558532395366,6.81558532395366,-834.427465434807
MeteoSwiss,BOU,46.393447,6.857006,375,TRUE,barometer (other),TRUE,740.456820515288,828.970727134139,263.13525390625,26304,-0.73132118915036,4.95504968839106,-68.4528975645854,9.59407889083589,-0.731321189150378,-0.731321189150378,-365.456820515288
MeteoSwiss,BRL,46.983844,6.610297,1051,TRUE,barometer (other),TRUE,853.718612258646,1085.12343983419,127.696411132813,26304,-5.2830469391917,3.4025967816685,35.0790342720191,4.61118553175619,-5.28304693919176,-5.28304693919176,197.281387741354
MeteoSwiss,BRZ,46.740719,8.060864,568,TRUE,barometer (other),TRUE,1571.82308409663,1635.56625159968,360.896545410156,26304,6.59453183023906,10.4460459299609,187.905375871923,18.3369965130278,6.59453183023902,6.59453183023902,-1003.82308409663
MeteoSwiss,BUF,46.648408,10.2672,1970,TRUE,barometer (other),TRUE,2250.13313072316,2256.16553881805,348.555419921875,26304,-3.95753529693757,5.16851080443373,47.744647818626,5.84947447144349,-3.95753529693752,-3.95753529693752,-280.133130723158
MeteoSwiss,BUS,47.384381,8.07955,388,TRUE,barometer (other),TRUE,622.352970066868,492.872263336613,151.829467773438,26273,-2.80128400180096,3.26550884755758,-30.6976959052448,4.5759870892078,-2.80128400180098,-2.80128400180098,-234.352970066868
MeteoSwiss,CDF,47.082947,6.792314,1018,TRUE,barometer (other),TRUE,845.441384561114,962.145664549056,182.616271972656,26304,-1.81966244405155,3.12541582253928,40.415903708185,6.70040938659953,-1.81966244405157,-1.81966244405157,172.558615438886
MeteoSwiss,CEV,46.320486,8.603161,422,TRUE,barometer (other),TRUE,1447.46112371771,1606.40236790851,365.370727539063,26304,7.64785274855406,10.9085012386528,21.3136104188386,14.7241068078023,7.64785274855404,7.64785274855404,-1025.46112371771
MeteoSwiss,CGI,46.401053,6.227722,460,TRUE,barometer (other),TRUE,768.103876339652,662.960927661332,243.522888183594,26304,-0.492115160152542,4.08938276721387,18.485521585729,7.10170098821388,-0.492115160152537,-0.492115160152537,-308.103876339652
MeteoSwiss,CHA,47.131761,7.054367,1596,TRUE,barometer (other),TRUE,745.770497968853,782.26772457975,159.817504882813,26304,-5.98051660699159,10.4673661583828,9.99563473904115,9.50254466328708,-5.98051660699161,-5.98051660699161,850.229502031147
MeteoSwiss,CHB,46.67015,6.312428,1046,TRUE,barometer (other),TRUE,832.176310606196,1093.68905602321,149.005310058594,26304,-4.97972190824088,3.76122099961069,77.5910462633263,4.72423597072468,-4.97972190824089,-4.97972190824089,213.823689393804
MeteoSwiss,CHD,46.479819,7.139656,1029,TRUE,barometer (other),TRUE,1350.48491688357,1337.60517416753,274.526184082031,26304,3.71813010935081,4.46444503847776,-3.80062213650312,4.4778638006263,3.7181301093508,3.7181301093508,-321.484916883569
MeteoSwiss,CHM,47.049169,6.978825,1137,TRUE,barometer (other),TRUE,793.795944986948,576.488992800804,186.348266601563,26304,-3.36072479184798,4.19477079496408,-72.0700425488958,5.00397933097224,-3.36072479184804,-3.36072479184804,343.204055013052
MeteoSwiss,CHU,46.870572,9.530761,557,TRUE,barometer (other),TRUE,1835.12018351387,1402.25518207033,410.614807128906,26304,3.18834619938963,16.0003213621019,-123.715736574649,13.79377455052,3.18834619938968,3.18834619938968,-1278.12018351387
MeteoSwiss,CHZ,47.188278,8.464642,443,TRUE,barometer (other),TRUE,580.699156073302,566.903660398811,165.715087890625,26304,-2.12625898941485,3.00861570635903,-67.1566418387904,12.8580633853965,-2.12625898941485,-2.12625898941485,-137.699156073302
MeteoSwiss,CIM,46.200467,8.79165,1662,TRUE,barometer (other),TRUE,1272.27945490114,900.350862042594,347.766906738281,26221,-1.46819051119638,4.99423069261506,-69.6229772586513,7.46034268721498,-1.46819051119633,-1.46819051119633,389.720545098862
MeteoSwiss,CMA,46.842275,9.180042,2484,TRUE,barometer (other),TRUE,1782.45781601324,1591.71845444163,441.826232910156,26304,-7.47043547498417,10.089419458463,-26.3251779557584,11.2551421249825,-7.47043547498424,-7.47043547498424,701.542183986759
MeteoSwiss,COM,46.459517,8.935486,576,TRUE,barometer (other),TRUE,1933.07667222306,1861.94325088078,427.672058105469,26244,12.7212462658103,17.1412920892824,-11.2537114439305,23.4937431603224,12.7212462658104,12.7212462658104,-1357.07667222306
MeteoSwiss,COV,46.418039,9.821308,3302,TRUE,barometer (other),TRUE,2277.65312034754,2602.05327826016,332.062927246094,26051,-8.17313644268073,14.7142198551472,45.4508140676283,17.7933435709831,-8.17313644268052,-8.17313644268052,1024.34687965246
MeteoSwiss,CRM,47.047581,7.059147,431,TRUE,barometer (other),TRUE,793.795944986948,506.944347075709,186.348266601563,26304,-0.426799919900248,4.50326111988077,-72.4882382919666,6.4227354372028,-0.426799919900247,-0.426799919900247,-362.795944986948
MeteoSwiss,DAV,46.812969,9.843558,1596,TRUE,barometer (other),TRUE,1999.28254400394,2088.11630691928,366.507995605469,26304,-0.224621526382391,5.99023137617473,32.6800099288115,6.65904328434138,-0.224621526382407,-0.224621526382407,-403.282544003941
MeteoSwiss,DEM,47.351706,7.349567,440,TRUE,barometer (other),TRUE,659.472233525847,657.454460111251,174.433471679688,26304,-1.14268144030369,3.89174950283286,-18.2857465083734,5.22061495305787,-1.1426814403037,-1.1426814403037,-219.472233525847
MeteoSwiss,DIA,46.32675,7.203781,2965,TRUE,barometer (other),TRUE,1620.75153762052,1695.32162168019,547.552368164063,25594,-13.6291784120696,22.9706169590403,-53.942673256098,24.7480004182056,-13.6291784120695,-13.6291784120695,1344.24846237948
MeteoSwiss,DIS,46.706569,8.853478,1198,TRUE,barometer (other),TRUE,1924.8715416484,2109.32640414923,435.441772460938,26304,-0.216079648739746,8.9643454685254,131.81117524984,11.8474986532573,-0.216079648739651,-0.216079648739651,-726.871541648397
MeteoSwiss,DOL,46.424794,6.099453,1671,TRUE,barometer (other),TRUE,917.45884210268,888.318210729454,182.906433105469,26304,-5.67413205836219,8.90318301904533,19.7883358795519,9.67371449491309,-5.67413205836215,-5.67413205836215,753.54115789732
MeteoSwiss,EBK,47.273389,9.108494,624,TRUE,barometer (other),TRUE,904.910357783366,922.172789000321,237.638427734375,26304,2.32084632951064,4.09022435242545,83.3791100355004,5.67966790870426,2.32084632951069,2.32084632951069,-280.910357783366
MeteoSwiss,EGH,46.426528,8.092728,2893,TRUE,barometer (other),TRUE,2247.03853101276,2265.34298473485,471.246520996094,25775,-3.72228768329776,9.78754420280447,192.994430848117,11.9035172635673,-3.72228768329796,-3.72228768329796,645.961468987243
MeteoSwiss,EGO,47.179428,8.004758,523,TRUE,barometer (other),TRUE,627.969774097806,581.179687380502,105.615783691406,26304,-3.03468419674693,2.89295235634257,-5.67956133815301,4.39681425059701,-3.03468419674698,-3.03468419674698,-104.969774097806
MeteoSwiss,EIN,47.133042,8.756556,912,TRUE,barometer (other),TRUE,788.101467260099,1110.82028840124,202.072448730469,26304,-1.98928857219052,3.16642249120369,27.1347807827057,5.68790407986859,-1.9892885721905,-1.9892885721905,123.898532739901
MeteoSwiss,ELM,46.923742,9.175347,958,TRUE,barometer (other),TRUE,1402.2956620157,1899.06092103318,394.938598632813,26304,3.84016975044448,6.83434734597912,-22.920719724656,11.6571785679953,3.84016975044449,3.84016975044449,-444.295662015699
MeteoSwiss,ENG,46.821639,8.410514,1037,TRUE,barometer (other),TRUE,1831.88776278405,1886.00855350706,399.904541015625,26304,2.78665291139595,12.8890219342393,15.7935012492125,10.0024722453093,2.786652911396,2.786652911396,-794.887762784055
MeteoSwiss,EVI,46.182953,7.026747,483,TRUE,barometer (other),TRUE,1441.42328842227,1351.47331466403,442.286987304688,26304,6.29859915378771,12.5468396119208,41.5215319089053,14.3284964118795,6.29859915378773,6.29859915378773,-958.42328842227
MeteoSwiss,EVO,46.112211,7.508631,1829,TRUE,barometer (other),TRUE,2417.50002907785,2494.1673029271,474.279479980469,26304,5.875226070712,8.86441736035645,62.4795122796212,6.3337919113323,5.87522607071196,5.87522607071196,-588.500029077845
MeteoSwiss,FAH,47.423814,6.941194,598,TRUE,barometer (other),TRUE,554.218798994177,527.542614577863,124.032958984375,26223,-2.34145951429032,3.53733012710273,-23.1027393776123,3.91865894742791,-2.34145951429036,-2.34145951429036,43.7812010058226
MeteoSwiss,FRE,46.840622,6.576369,1207,TRUE,barometer (other),TRUE,824.297011227713,735.56472202536,188.202331542969,26304,-6.22329788857519,4.49712962700736,-27.6184561892262,6.71859873492804,-6.22329788857519,-6.22329788857519,382.702988772287
MeteoSwiss,GEN,45.927592,9.017875,1601,TRUE,barometer (other),TRUE,726.766732029414,644.809979070325,242.487609863281,26041,-6.10647272607144,8.80087587036757,-17.3678243118934,10.9146172588599,-6.10647272607139,-6.10647272607139,874.233267970586
MeteoSwiss,GES,46.996069,8.523442,521,TRUE,barometer (other),FALSE,1020.64018142345,786.958419159448,309.476135253906,13572,14.4871216698138,5.38660260656228,-33.3073653709102,6.22495678991571,14.4871216698139,14.4871216698139,-499.640181423447
MeteoSwiss,GIH,46.849447,8.190225,472,TRUE,barometer (other),TRUE,1746.16308871085,1408.1695361056,396.647888183594,26304,6.16761935421485,14.5949336043532,37.967509089645,12.822579791033,6.16761935421488,6.16761935421488,-1274.16308871085
MeteoSwiss,GLA,47.034586,9.066961,518,TRUE,barometer (other),TRUE,1408.82821900509,1693.89401898202,374.623657226563,26304,8.39922223980942,9.75960692198414,21.9815297288675,11.3864636139737,8.39922223980943,8.39922223980943,-890.828219005088
MeteoSwiss,GOE,47.363147,7.973733,382,TRUE,barometer (other),TRUE,627.969774097806,533.049082127944,105.615783691406,26304,-1.6800476717775,2.96813233945316,18.4740018794657,4.56978758360174,-1.68004767177752,-1.68004767177752,-245.969774097806
MeteoSwiss,GOR,45.983644,7.785944,3131,TRUE,barometer (other),TRUE,2374.52337229393,2981.38770948795,493.335083007813,26304,-5.39898200273022,10.6388120646377,104.46385389402,18.2070952425463,-5.39898200273001,-5.39898200273001,756.476627706072
MeteoSwiss,GOS,46.692678,8.595364,951,TRUE,barometer (other),FALSE,1831.88776278405,2153.58208779247,399.904541015625,26304,4.12559640945972,11.6416578542733,153.184420398114,16.9105721508049,4.12559640945972,4.12559640945972,-880.887762784055
MeteoSwiss,GRA,46.7714,7.113736,651,TRUE,barometer (other),TRUE,792.022993086962,667.65162224103,185.832946777344,26245,0.377027845160229,3.20941287109689,-27.0131749611254,4.78348005787884,0.377027845160228,0.377027845160228,-141.022993086962
MeteoSwiss,GRC,46.195314,7.836822,1606,TRUE,barometer (other),TRUE,2039.91265851807,2215.17294705633,587.87109375,26304,2.41293124841776,6.64957620192208,59.2440760761616,11.2798468534908,2.41293124841786,2.41293124841786,-433.912658518072
MeteoSwiss,GRE,47.179097,7.415144,429,TRUE,barometer (other),TRUE,635.576618050634,659.901779022398,138.704162597656,26186,-1.41529985807628,3.9727676299644,59.4507392045274,10.4790848338904,-1.41529985807631,-1.41529985807631,-206.576618050634
MeteoSwiss,GRH,46.571689,8.333256,1962,TRUE,barometer (other),TRUE,2369.85139906658,2341.20987098041,501.384765625,26304,-0.666148733322555,7.26229250788426,151.967995739199,21.1303442794111,-0.666148733322643,-0.666148733322643,-407.851399066577
MeteoSwiss,GRO,46.255075,9.163758,324,TRUE,barometer (other),TRUE,1348.89400026067,1451.20156029327,469.372863769531,26304,2.57113346599322,10.2717408083422,1.52222778500241,14.0751589140986,2.57113346599323,2.57113346599323,-1024.89400026067
MeteoSwiss,GSB,45.869092,7.170683,2488,TRUE,barometer (other),TRUE,2133.04341991468,2321.83526293383,556.104064941406,26304,-8.30368977554447,4.73216160393477,68.6695766635038,8.40640549238635,-8.30368977554463,-8.30368977554463,354.956580085325
MeteoSwiss,GUE,46.652475,8.615531,2288,TRUE,barometer (other),TRUE,1831.88776278405,2153.58208779247,399.904541015625,26304,-8.23218977176768,8.05480454039294,138.924464650953,13.1649149548313,-8.23218977176748,-8.23218977176748,456.112237215945
MeteoSwiss,GUT,47.601733,9.279428,441,TRUE,barometer (other),TRUE,632.435414122687,420.880298700372,126.731994628906,26304,0.869314500566526,3.15178580629574,-32.9456821881051,8.4400266419777,0.869314500566532,0.869314500566532,-191.435414122687
MeteoSwiss,GVE,46.247519,6.127742,412,TRUE,barometer (other),TRUE,768.73044415333,541.002868589172,240.096618652344,26304,-1.1680556755187,4.80082629301791,-83.9652831301436,6.64926648567687,-1.1680556755187,-1.1680556755187,-356.73044415333
MeteoSwiss,HAI,47.651242,9.023911,720,TRUE,barometer (other),TRUE,544.729463313797,452.083614817496,77.8511962890625,26304,-3.72984095824105,2.81474978555778,-15.4753909771892,6.52625378080751,-3.72984095824108,-3.72984095824108,175.270536686203
MeteoSwiss,HLL,47.697278,8.470464,420,TRUE,barometer (other),TRUE,618.302386406801,532.437252400157,98.0272827148438,26304,-2.28418887704812,3.19417188721265,-1.08768436309759,5.58848083667694,-2.28418887704811,-2.28418887704811,-198.302386406801
MeteoSwiss,HOE,47.370864,8.941644,1134,TRUE,barometer (other),TRUE,904.910357783366,677.84878437081,237.638427734375,26304,1.41069229249681,3.71532621415013,29.8848434885469,6.44902688784195,1.41069229249683,1.41069229249683,229.089642216634
MeteoSwiss,ILZ,46.775039,9.215353,699,TRUE,barometer (other),TRUE,1782.45781601324,1591.71845444163,441.826232910156,26304,-0.780111778631549,11.3743646967087,-12.8275496195708,11.2078408734917,-0.780111778631522,-0.780111778631522,-1083.45781601324
MeteoSwiss,INT,46.672033,7.87045,580,TRUE,barometer (other),TRUE,1285.71262270054,1314.35564451163,321.915710449219,26304,8.73449392410981,7.29572086927412,118.068616712261,14.6747830716298,8.73449392410976,8.73449392410976,-705.71262270054
MeteoSwiss,JUN,46.547556,7.985444,3576,TRUE,barometer (other),TRUE,2247.03853101276,2776.0168641942,471.246520996094,26304,-10.9739325873565,18.7021816262115,36.4605676951545,28.384604147439,-10.9739325873566,-10.9739325873566,1328.96146898724
MeteoSwiss,KLO,47.479611,8.535961,428,TRUE,barometer (other),TRUE,535.36480387352,469.418790438121,114.267578125,26304,-2.96774490291669,2.63927726177953,-121.109382582373,7.37718505913723,-2.96774490291671,-2.96774490291671,-107.36480387352
MeteoSwiss,KOP,47.11885,7.605503,486,TRUE,barometer (other),TRUE,605.377881733951,581.383630623098,115.019287109375,26304,-2.79181365623341,3.40649412536491,7.16356162981978,6.88966636219576,-2.79181365623339,-2.79181365623339,-119.377881733951
MeteoSwiss,LAG,46.939633,7.806425,745,TRUE,barometer (other),TRUE,789.747352960109,1077.37359661556,165.404663085938,26281,3.05884511401926,3.59026730638241,-193.5288615071,16.6116793242481,3.05884511401928,3.05884511401928,-44.7473529601087
MeteoSwiss,LEI,47.597361,8.1882,343,TRUE,barometer (other),TRUE,555.455204902413,491.444660638444,103.530090332031,26304,-2.85659534983562,2.90049325346327,21.9994252140059,5.14176506543238,-2.85659534983563,-2.85659534983563,-212.455204902413
MeteoSwiss,LUG,46.004217,8.960322,301,TRUE,barometer (other),TRUE,726.766732029414,754.123557101559,242.487609863281,26304,-1.05139374835347,4.75593934754077,-30.6889536559616,6.00963376162704,-1.05139374835346,-1.05139374835346,-425.766732029414
MeteoSwiss,LUZ,47.036439,8.301022,456,TRUE,barometer (other),TRUE,898.628746580764,767.991697598059,262.669311523438,26304,3.7789051282745,4.51887705417509,-60.7940440071094,10.4204248214011,3.77890512827452,3.77890512827452,-442.628746580764
MeteoSwiss,MAG,46.160025,8.933672,205,TRUE,barometer (other),TRUE,1217.29603803605,919.521526846579,431.195007324219,26304,5.63302094731811,11.3296269352606,-36.4945894179259,10.8506504954389,5.6330209473181,5.6330209473181,-1012.29603803605
MeteoSwiss,MAH,46.736978,6.567983,436,TRUE,barometer (other),TRUE,824.297011227713,633.593100727568,188.202331542969,26304,-1.05923965739115,4.2723178861128,-89.2900005272557,7.16940356836367,-1.05923965739117,-1.05923965739117,-388.297011227713
MeteoSwiss,MER,46.732222,8.169247,589,TRUE,barometer (other),TRUE,1746.16308871085,1788.11579706118,396.647888183594,26304,8.4104760471835,12.7446620096238,175.363773457853,20.4091876012534,8.41047604718347,8.41047604718347,-1157.16308871085
MeteoSwiss,MLS,46.546197,7.017753,1976,TRUE,barometer (other),TRUE,1055.57422490415,1085.53132631939,253.649536132813,26304,-5.66103884999947,11.7985600591241,-21.460862160068,12.7821926837104,-5.66103884999939,-5.66103884999939,920.425775095853
MeteoSwiss,MOA,47.243847,8.232831,454,TRUE,barometer (other),TRUE,600.938531267686,571.390411735914,154.950866699219,26229,-2.94312423008202,2.71489594766384,-120.450853805004,8.71698343487836,-2.94312423008199,-2.94312423008199,-146.938531267686
MeteoSwiss,MOB,46.071019,7.225272,840,TRUE,barometer (other),FALSE,2122.8924636758,1560.7190815671,498.508422851563,26304,8.80574103216967,14.6343267721032,9.66017279852204,13.6992447648891,8.80574103216964,8.80574103216964,-1282.8924636758
MeteoSwiss,MOE,47.572197,7.877911,344,TRUE,barometer (other),TRUE,622.352970066868,483.490874177217,151.829467773438,26304,-2.47355072945945,4.24141919286788,26.47346704515,4.91416857102964,-2.47355072945942,-2.47355072945942,-278.352970066868
MeteoSwiss,MTE,46.147897,7.624033,1581,TRUE,barometer (other),TRUE,1820.0232053154,2648.14445108676,550.927612304688,26304,-3.21820162169019,5.18558918913096,141.711195312383,8.09266874872536,-3.21820162169024,-3.21820162169024,-239.023205315398
MeteoSwiss,MTR,46.410103,8.924742,2190,TRUE,barometer (other),TRUE,1933.07667222306,1492.19415205498,427.672058105469,26024,-2.19434668440019,4.93864210776741,-1.3698808497538,8.28897478165721,-2.19434668439999,-2.19434668439999,256.923327776942
MeteoSwiss,MUB,46.973278,7.278217,481,TRUE,barometer (other),TRUE,672.544915710895,487.569739029128,199.565979003906,26304,-1.59822999410881,3.28623955767312,-97.4895164179516,9.00548393475332,-1.59822999410881,-1.59822999410881,-191.544915710895
MeteoSwiss,MVE,46.298806,7.460814,1424,TRUE,barometer (other),TRUE,1820.0232053154,1593.75788686758,550.927612304688,26304,1.49614850725636,6.98601993038344,-51.3929870205425,8.8429875459826,1.49614850725629,1.49614850725629,-396.023205315398
MeteoSwiss,NAP,47.004667,7.940117,1405,TRUE,barometer (other),TRUE,847.656080711176,1002.11854009779,167.564819335938,26304,1.84303034472845,5.94980709866295,-123.465706881794,17.2496767127546,1.8430303447285,1.8430303447285,557.343919288824
MeteoSwiss,NAS,46.817164,10.2614,2381,TRUE,barometer (other),TRUE,2250.13313072316,2235.97515780108,348.555419921875,25731,-3.0537631104825,3.56168694107193,0.226305820118349,4.40180795490001,-3.05376311048258,-3.05376311048258,130.866869276842
MeteoSwiss,NEU,47.000067,6.953297,485,TRUE,barometer (other),TRUE,793.795944986948,576.488992800804,186.348266601563,26304,-0.183206868747261,4.31792554519148,-68.2161891062937,5.12384926541475,-0.183206868747277,-0.183206868747277,-308.795944986948
MeteoSwiss,OBR,47.376608,9.612706,410,TRUE,barometer (other),FALSE,612.167359409814,579.548141439737,191.139831542969,26304,-1.72299572705254,3.19470914088736,-62.2732091821978,5.61212160957532,-1.72299572705253,-1.72299572705253,-202.167359409814
MeteoSwiss,ORO,46.572269,6.858239,829,TRUE,barometer (other),TRUE,740.456820515288,933.593610585674,263.13525390625,26304,-1.28795751135393,3.00503268892982,-58.2158942912425,7.60526570890353,-1.28795751135397,-1.28795751135397,88.5431794847119
MeteoSwiss,OTL,46.172256,8.787494,374,TRUE,barometer (other),TRUE,1272.27945490114,900.350862042594,347.766906738281,26304,7.45629443906684,10.2052551254616,-56.2728274848294,9.40014400946748,7.45629443906682,7.45629443906682,-898.279454901139
MeteoSwiss,PAY,46.811581,6.942469,490,TRUE,barometer (other),TRUE,792.022993086962,522.036147027782,185.832946777344,26304,0.979206452693793,3.75580261141099,-21.4779944728503,7.93554600038825,0.979206452693802,0.979206452693802,-302.022993086962
MeteoSwiss,PFA,47.376817,8.754864,538,TRUE,barometer (other),FALSE,561.743587657992,611.975117012436,119.263549804688,18111,-1.9747694183496,2.89362084986904,-26.2422677467113,4.06522698970751,-1.97476941834964,-1.97476941834964,-23.7435876579923
MeteoSwiss,PIL,46.978869,8.252256,2109,TRUE,barometer (other),TRUE,898.628746580764,767.991697598059,262.669311523438,26304,-9.79329731549568,13.7839877000296,-77.7864787838901,16.5465693081029,-9.79329731549569,-9.79329731549569,1210.37125341924
MeteoSwiss,PIO,46.514811,8.688039,991,TRUE,barometer (other),TRUE,2075.66127998922,1924.96171284282,365.282409667969,26304,9.66475973901489,13.2076342756909,-21.7945522502998,22.8613381131538,9.66475973901493,9.66475973901493,-1084.66127998922
MeteoSwiss,PLF,46.747717,7.266264,1044,TRUE,barometer (other),TRUE,904.314859448053,1229.51525559187,167.601440429688,26304,1.52014440819108,3.17683562727433,-5.96927492116859,4.88667176554047,1.52014440819107,1.52014440819107,139.685140551947
MeteoSwiss,PMA,46.577181,9.529544,2669,TRUE,barometer (other),TRUE,2096.78972025679,1945.55998034497,324.7431640625,26304,-1.46796304909806,9.13724657900205,86.999472440679,15.5996062315062,-1.46796304909822,-1.46796304909822,572.21027974321
MeteoSwiss,PSI,47.536475,8.226944,336,TRUE,barometer (other),TRUE,555.455204902413,442.906168900695,103.530090332031,26304,-4.66323517454581,3.2799687519922,-42.7697405801636,6.47628734267082,-4.66323517454583,-4.66323517454583,-219.455204902413
MeteoSwiss,PUY,46.512283,6.667517,457,TRUE,barometer (other),TRUE,740.456820515288,542.430471287341,263.13525390625,26304,-0.968721709746329,4.14891133673193,-42.3215225782726,11.150090280789,-0.968721709746319,-0.968721709746319,-283.456820515288
MeteoSwiss,QUI,47.128739,9.21605,421,TRUE,barometer (other),TRUE,988.330712211229,1306.19791480781,244.207641601563,26304,2.4413244904787,6.06838263604243,38.5325435536386,9.02029020748722,2.44132449047868,2.44132449047868,-567.330712211229
MeteoSwiss,RAG,47.016631,9.502594,497,TRUE,barometer (other),TRUE,1381.30105950108,1311.50043911529,431.999633789063,26239,5.77681017350525,10.8853107471739,-115.000684325888,13.3785551266497,5.77681017350523,5.77681017350523,-884.301059501079
MeteoSwiss,REH,47.427694,8.517953,445,TRUE,barometer (other),TRUE,535.36480387352,486.142136330959,114.267578125,26304,-2.89692061862591,2.65375746028908,-85.9031595520231,6.29066398798928,-2.89692061862593,-2.89692061862593,-90.3648038735196
MeteoSwiss,ROB,46.347217,10.063031,1079,TRUE,barometer (other),TRUE,1788.72588410989,1884.98883729408,538.008972167969,26200,0.946564424144689,10.0141251021202,15.8252477812269,12.8310483822127,0.946564424144754,0.946564424144754,-709.72588410989
MeteoSwiss,ROE,46.443067,8.513389,1896,TRUE,barometer (other),TRUE,2223.54801373622,1999.8088828754,389.291748046875,26304,2.21388497397174,7.11324341882192,-0.622875146274843,8.26789824599424,2.21388497397174,2.21388497397174,-327.548013736215
MeteoSwiss,RUE,47.434572,7.879414,613,TRUE,barometer (other),TRUE,622.352970066868,567.923376611789,151.829467773438,26304,-2.53502120212548,3.24274142474509,43.3199556437392,4.86025309804395,-2.53502120212545,-2.53502120212545,-9.3529700668679
MeteoSwiss,SAE,47.249447,9.343469,2494,TRUE,barometer (other),TRUE,988.330712211229,1175.06240981885,244.207641601563,26304,-13.1569915756941,21.6699928822318,-6.15532131082095,20.6633250693418,-13.1569915756941,-13.1569915756941,1505.66928778877
MeteoSwiss,SAG,47.081064,8.636967,791,TRUE,barometer (other),FALSE,1301.60187259729,820.405110945124,322.625671386719,26304,9.02837661151581,7.24992316548532,-25.6089902591011,7.5676414185694,9.0283766115158,9.0283766115158,-510.601872597294
MeteoSwiss,SAM,46.526247,9.879469,1710,TRUE,barometer (other),TRUE,2262.52188605755,2473.56903542494,324.611389160156,26304,0.793584721285296,5.85839069735352,16.6649135084941,13.6157278928102,0.793584721285242,0.793584721285242,-552.521886057548
MeteoSwiss,SBE,46.463542,9.1847,1640,TRUE,barometer (other),TRUE,1977.99556973138,2315.71696565596,349.969055175781,26304,-0.0774703207791328,6.81951334973026,-54.6769580457503,8.59339071874872,-0.0774703207791845,-0.0774703207791845,-337.995569731381
MeteoSwiss,SBO,45.843444,8.932364,353,TRUE,barometer (other),TRUE,377.350615159739,431.485347315342,77.6716918945313,26304,-2.88051115577863,3.25253340125482,-29.0150403673699,5.91772944907096,-2.88051115577861,-2.88051115577861,-24.3506151597386
MeteoSwiss,SCM,47.224933,8.9403,409,TRUE,barometer (other),TRUE,904.910357783366,717.821659919544,237.638427734375,26304,3.06740436931443,6.41669748399894,70.0402048387308,8.12375288810203,3.06740436931443,3.06740436931443,-495.910357783366
MeteoSwiss,SCU,46.793275,10.283267,1305,TRUE,barometer (other),TRUE,2250.13313072316,2235.97515780108,348.555419921875,26304,1.48656196044358,8.7574868023535,9.34770382862605,10.0070267529907,1.48656196044362,1.48656196044362,-945.133130723158
MeteoSwiss,SHA,47.689842,8.620142,440,TRUE,barometer (other),TRUE,618.302386406801,498.58267412929,98.0272827148438,26304,-2.38176191326978,2.88219063548538,-17.192352423783,7.46803148577124,-2.38176191326977,-2.38176191326977,-178.302386406801
MeteoSwiss,SIA,46.432331,9.762325,1805,TRUE,barometer (other),TRUE,2277.65312034754,2602.05327826016,332.062927246094,26304,2.03375027115812,5.99662945702887,57.6190530191839,6.92028891439756,2.03375027115817,2.03375027115817,-472.653120347545
MeteoSwiss,SIM,46.196825,8.056336,1473,TRUE,barometer (other),FALSE,1990.19312827584,1892.33079402752,558.924011230469,26304,4.39473474865692,10.1104308458843,-0.540641933033905,9.62164681969109,4.3947347486569,4.3947347486569,-517.193128275839
MeteoSwiss,SIO,46.21865,7.330203,483,TRUE,barometer (other),TRUE,1620.75153762052,1460.99083593786,547.552368164063,26304,9.88636405814424,13.4691526851711,-20.946349267357,15.8116489718747,9.88636405814424,9.88636405814424,-1137.75153762052
MeteoSwiss,SMA,47.381003,8.567194,605,TRUE,barometer (other),TRUE,535.36480387352,492.668320094018,114.267578125,26304,-50.3160772310712,2.78924180356756,-152.309618105072,5.61765324770668,-50.3160772310712,-50.3160772310712,69.6351961264804
MeteoSwiss,SMM,46.602256,10.426314,1387,TRUE,barometer (other),TRUE,2416.20666245928,2203.54818222839,470.025939941406,26304,3.58630509363933,12.3925489966089,73.5759189590237,12.9730269126286,3.58630509363934,3.58630509363934,-1029.20666245928
MeteoSwiss,SPF,46.947042,8.012442,745,TRUE,barometer (other),TRUE,847.656080711176,1221.35752588805,167.564819335938,26304,2.23319271343461,3.23924856999465,-110.753637393446,13.3679302987222,2.23319271343462,2.23319271343462,-102.656080711176
MeteoSwiss,STG,47.425475,9.398528,777,TRUE,barometer (other),TRUE,612.167359409814,793.076716437316,191.139831542969,26304,-1.81238324323279,2.73215932000259,-68.7246678368908,5.26836808881573,-1.81238324323283,-1.81238324323283,164.832640590186
MeteoSwiss,STK,47.668628,8.981433,398,TRUE,barometer (other),TRUE,544.729463313797,452.083614817496,77.8511962890625,26304,-1.42249799872816,2.65457751003378,-12.8653333700489,6.12057528734783,-1.42249799872815,-1.42249799872815,-146.729463313797
MeteoSwiss,TAE,47.479892,8.904928,539,TRUE,barometer (other),TRUE,552.707149373767,621.560449414428,119.452270507813,26304,-0.891511358476685,2.56525382693459,-2.77831275869089,7.54786209184884,-0.891511358476691,-0.891511358476691,-13.7071493737668
MeteoSwiss,THU,46.749853,7.585222,571,TRUE,barometer (other),FALSE,1028.86363502381,972.546769921431,251.715759277344,26304,1.65600591108848,5.21230370719026,57.1438944730064,12.4887177329594,1.65600591108853,1.65600591108853,-457.863635023811
MeteoSwiss,TIT,46.770608,8.425981,3096,TRUE,barometer (other),TRUE,1831.88776278405,1886.00855350706,399.904541015625,25865,-15.8864490432485,17.8382309014195,-4.64296535897954,17.6806065287011,-15.8864490432484,-15.8864490432484,1264.11223721595
MeteoSwiss,ULR,46.504881,8.308236,1347,TRUE,barometer (other),TRUE,2369.85139906658,2433.39221663361,501.384765625,26304,7.816110165885,9.62025520222918,11.8760542947726,25.2786703368504,7.81611016588499,7.81611016588499,-1022.85139906658
MeteoSwiss,VAB,46.755039,9.554433,1569,TRUE,barometer (other),TRUE,1835.12018351387,1513.20030604233,410.614807128906,26304,-3.98600346458913,5.52372124980251,-15.3125645732273,5.44360181292491,-3.9860034645892,-3.9860034645892,-266.120183513866
MeteoSwiss,VAD,47.127472,9.517578,459,TRUE,barometer (other),TRUE,958.047132319013,1105.72170733635,335.509826660156,26304,2.31024281573898,6.1667851283938,-58.7062526761355,9.99223408507134,2.310242815739,2.310242815739,-499.047132319013
MeteoSwiss,VIO,46.353019,9.6278,1090,TRUE,barometer (other),TRUE,1701.01435672796,2367.92643576043,567.41796875,26304,-1.22929750538154,9.69097074260157,76.6329698303639,12.7849392673103,-1.22929750538151,-1.22929750538151,-611.01435672796
MeteoSwiss,VIS,46.3029,7.842958,641,TRUE,barometer (other),TRUE,2039.91265851807,1760.17557282558,587.87109375,26304,9.83405460697585,14.8199293436901,11.9480310476484,15.8498723286352,9.83405460697588,9.83405460697588,-1398.91265851807
MeteoSwiss,WAE,47.220958,8.677706,487,TRUE,barometer (other),TRUE,788.101467260099,721.696581528861,202.072448730469,26280,1.06988358981402,4.12708925702871,-24.4474927690572,6.75641355621689,1.06988358981403,1.06988358981403,-301.101467260099
MeteoSwiss,WFJ,46.833342,9.806397,2693,TRUE,barometer (other),TRUE,1999.28254400394,2088.11630691928,366.507995605469,25866,-26.575923113241,9.72415748216822,1.78160092670061,10.8286463858364,-26.5759231132411,-26.5759231132411,693.717455996059
MeteoSwiss,WYN,47.255025,7.787475,424,TRUE,barometer (other),TRUE,611.46829614662,573.42984416187,117.738525390625,26304,-2.23548782438014,2.86211737942624,61.6842921847605,9.23412048512552,-2.23548782438013,-2.23548782438013,-187.46829614662
MeteoSwiss,ZER,46.029272,7.752433,1640,TRUE,barometer (other),TRUE,2374.52337229393,2981.38770948795,493.335083007813,26304,10.0136605793654,8.55654241175285,121.677262369817,17.3501501730359,10.0136605793655,10.0136605793655,-734.523372293928
