id,hadisd_id,wmo,name,elev_station,elev,hadisd_elev,d_station,d_barometer,bias_hadisd,reference,bias_meteoswiss
ABO,067350-99999,06735,Adelboden,1321,1326,1328.1,7.09999999999991,2.09999999999991,2.37860658671205,TRUE,4.39423729842684
AIG,067120-99999,06712,Aigle,381,382,383,2,1,,,7.28904836292718
ALT,066720-99999,06672,Altdorf,438,440,451,13,11,,,14.5837192511532
AND,067870-99999,06787,Andeer,987,988,989,2,1,,,5.21516577358759
BAS,066010-99999,06601,Basel / Binningen,316,318,317,1,-1,,,0.613076105727953
BER,066310-99999,06631,Bern / Zollikofen,553,554,567,14,13,,,-0.499216170972032
BEZ,066460-99999,06646,Beznau,326,327,327,1,0,,,-2.47869009252889
BIE,067040-99999,06704,Bière,684,684,684,0,0,,,-0.880854361049556
BUS,066330-99999,06633,Buchs / Aarau,387,388,389,2,1,,,-2.80128400180096
CGI,067050-99999,06705,Nyon / Changins,458,460,432,-26,-28,,,-0.492115160152542
CHA,066050-99999,06605,Chasseral,1594,1596,1631,37,35,-41.0481478419877,TRUE,-5.98051660699159
CHU,067860-99999,06786,Chur,556,557,556,0,-1,,,3.18834619938963
CIM,067590-99999,06759,Cimetta,1661,1662,1648,-13,-14,12.500654019878,TRUE,-1.46819051119638
COM,067560-99999,06756,Acquarossa / Comprovasco,575,576,552,-23,-24,,,12.7212462658103
COV,067910-99999,06791,Piz Corvatsch,3294,3302,3299,5,-3,-5.37122771744963,TRUE,-8.17313644268073
DAV,067840-99999,06784,Davos,1594,1596,1592,-2,-4,4.02333415593158,TRUE,-0.224621526382391
DIS,067820-99999,06782,Disentis,1197,1198,1180,-17,-18,18.0293078432057,TRUE,-0.216079648739746
DOL,067020-99999,06702,La Dôle,1670,1671,1670.2,0.200000000000045,-0.799999999999955,-5.00400678440281,TRUE,-5.67413205836219
ENG,066550-99999,06655,Engelberg,1036,1037,1018,-18,-19,21.8636680958438,TRUE,2.78665291139595
EVO,067220-99999,06722,Evolène / Villa,1825,1829,1828,3,-1,6.91692974950133,TRUE,5.875226070712
FAH,066160-99999,06616,Fahy,596,598,597,1,-1,,,-2.34145951429032
FRE,066190-99999,06619,Bullet / La Frétaz,1205,1207,1210,5,3,-9.29744149816776,TRUE,-6.22329788857519
GLA,066850-99999,06685,Glarus,517,518,517.5,0.5,-0.5,,,8.39922223980942
GOE,066260-99999,06626,Gösgen,380,382,380,0,-2,,,-1.6800476717775
GRH,067440-99999,06744,Grimsel Hospiz,1980,1962,1965,-15,3,-3.58773012624683,TRUE,-0.666148733322555
GSB,067170-99999,06717,Col du Grand St-Bernard,2472,2488,2479,7,-9,0.625235615826062,TRUE,-8.30368977554447
GUE,067500-99999,06750,"Gütsch, Andermatt",2286,2288,2284.2,-1.80000000000018,-3.80000000000018,-4.31578383800808,TRUE,-8.23218977176768
GUT,066210-99999,06621,Güttingen,440,441,440,0,-1,,,0.869314500566526
GVE,067000-99999,06700,Genève / Cointrin,411,412,430.1,19.1,18.1,,,-1.1680556755187
HOE,066890-99999,06689,Hörnli,1133,1134,1124,-9,-10,11.3529412900906,TRUE,1.41069229249681
INT,067340-99999,06734,Interlaken,578,580,578.6,0.600000000000023,-1.39999999999998,,,8.73449392410981
JUN,067300-99999,06730,Jungfraujoch,3571,3576,3576,5,0,-11.1039955182335,TRUE,-10.9739325873565
KLO,066700-99999,06670,Zürich / Kloten,426,428,431.6,5.60000000000002,3.60000000000002,,,-2.96774490291669
LEI,066660-99999,06666,Leibstadt,341,343,341,0,-2,-0.832050813676339,TRUE,-2.85659534983562
LUG,067700-99999,06770,Lugano,273,301,278.9,5.89999999999998,-22.1,,,-1.05139374835347
LUZ,066500-99999,06650,Luzern,454,456,456,2,0,,,3.7789051282745
MAG,067620-99999,06762,Magadino / Cadenazzo,203,205,204.2,1.19999999999999,-0.800000000000011,,,5.63302094731811
MLS,066090-99999,06609,Le Moléson,1974,1976,1973,-1,-3,-2.81144597961564,TRUE,-5.66103884999947
MTE,067160-99999,06716,Mottec,1580,1581,1580,0,-1,-2.19106731164185,TRUE,-3.21820162169019
MUB,066360-99999,06636,Mühleberg,480,481,483,3,2,,,-1.59822999410881
MVE,067240-99999,06724,Montana,1423,1424,1508,85,84,-82.4173182901775,FALSE,1.49614850725636
NAP,066390-99999,06639,Napf,1404,1405,1406,2,1,0.712185943321393,TRUE,1.84303034472845
NEU,066040-99999,06604,Neuchâtel,485,485,487,2,2,,,-0.183206868747261
OTL,067600-99999,06760,Locarno / Monti,367,374,380,13,6,,,7.45629443906684
PAY,066100-99999,06610,Payerne,490,490,490.5,0.5,0.5,,,0.979206452693793
PIL,066590-99999,06659,Pilatus,2105,2109,2110,5,1,-10.89572809403,TRUE,-9.79329731549568
PIO,067530-99999,06753,Piotta,990,991,1016,26,25,-15.2826915411711,TRUE,9.66475973901489
PLF,066280-99999,06628,Plaffeien,1042,1044,1041,-1,-3,4.46987665932775,TRUE,1.52014440819108
PUY,067110-99999,06711,Pully,456,457,462,6,5,,,-0.968721709746329
REH,066640-99999,06664,Zürich / Affoltern,444,445,441,-3,-4,,,-2.89692061862591
ROB,067940-99999,06794,Poschiavo / Robbia,1078,1079,1079.1,1.09999999999991,0.0999999999999091,1.10180139554254,TRUE,0.946564424144689
ROE,067510-99999,06751,Robièi,1898,1896,1891,-7,-5,7.49902437704501,TRUE,2.21388497397174
RUE,066450-99999,06645,Rünenberg,611,613,610,-1,-3,,,-2.53502120212548
SAE,066800-99999,06680,Säntis,2501,2494,2500,-1,6,-19.4129689012013,TRUE,-13.1569915756941
SAG,066621-99999,06662,"Sattel, SZ",790,791,430.1,-359.9,-360.9,,,9.02837661151581
SBE,067830-99999,06783,S. Bernardino,1639,1640,1638,-1,-2,2.04792954293109,TRUE,-0.0774703207791328
SBO,067710-99999,06771,Stabio,351,353,352.4,1.39999999999998,-0.600000000000023,,,-2.88051115577863
SCU,067980-99999,06798,Scuol,1304,1305,1295,-9,-10,11.6705492271262,TRUE,1.48656196044358
SHA,066200-99999,06620,Schaffhausen,438,440,437,-1,-3,,,-2.38176191326978
SIO,067200-99999,06720,Sion,482,483,481.9,-0.100000000000023,-1.10000000000002,,,9.88636405814424
SMA,066600-99999,06660,Zürich / Fluntern,604,605,557.6,-46.4,-47.4,,,-50.3160772310712
STG,066810-99999,06681,St. Gallen,776,777,777.8,1.79999999999995,0.799999999999955,,,-1.81238324323279
TAE,066790-99999,06679,Aadorf / Tänikon,539,539,539.5,0.5,0.5,,,-0.891511358476685
ULR,067450-99999,06745,Ulrichen,1346,1347,1347.1,1.09999999999991,0.0999999999999091,7.84673198198782,TRUE,7.816110165885
VAD,069900-99999,06990,Vaduz,457,459,463,6,4,,,2.31024281573898
VIO,067880-99999,06788,Vicosoprano,1089,1090,1075,-14,-15,13.8453795147834,TRUE,-1.22929750538154
VIS,067270-99999,06727,Visp,639,641,642,3,1,,,9.83405460697585
WAE,066730-99999,06673,Wädenswil,485,487,486.5,1.5,-0.5,,,1.06988358981402
WFJ,067800-99999,06780,Weissfluhjoch,2691,2693,2667,-24,-26,-1.1499851750291,TRUE,-26.575923113241
WYN,066430-99999,06643,Wynau,422,424,416,-6,-8,,,-2.23548782438014
ZER,067480-99999,06748,Zermatt,1638,1640,1624,-14,-16,26.1084604235347,TRUE,10.0136605793654
